,date,rainfall_mm,rainfall_yesterday,rainfall_2day_total,flood,predicted_flood
1,2019-07-02,0.18,1.07,1.25,0,0
2,2019-07-03,5.54,0.18,5.72,0,0
3,2019-07-04,5.31,5.54,10.85,0,0
4,2019-07-05,4.84,5.31,10.149999999999999,0,0
5,2019-07-06,20.49,4.84,25.33,0,0
6,2019-07-07,10.34,20.49,30.83,0,0
7,2019-07-08,0.1,10.34,10.44,0,0
8,2019-07-09,0.01,0.1,0.11,0,0
9,2019-07-10,0.01,0.01,0.02,0,0
10,2019-07-11,0.0,0.01,0.01,0,0
11,2019-07-12,0.0,0.0,0.0,0,0
12,2019-07-13,0.0,0.0,0.0,0,0
13,2019-07-14,0.0,0.0,0.0,0,0
14,2019-07-15,0.0,0.0,0.0,0,0
15,2019-07-16,0.0,0.0,0.0,0,0
16,2019-07-17,0.0,0.0,0.0,0,0
17,2019-07-18,0.01,0.0,0.01,0,0
18,2019-07-19,0.03,0.01,0.04,0,0
19,2019-07-20,1.13,0.03,1.16,0,0
20,2019-07-21,7.08,1.13,8.21,0,0
21,2019-07-22,4.97,7.08,12.05,0,0
22,2019-07-23,3.38,4.97,8.35,0,0
23,2019-07-24,0.15,3.38,3.53,0,0
24,2019-07-25,2.61,0.15,2.76,0,0
25,2019-07-26,4.92,2.61,7.529999999999999,0,0
26,2019-07-27,4.88,4.92,9.8,0,0
27,2019-07-28,5.71,4.88,10.59,0,0
28,2019-07-29,13.25,5.71,18.96,0,0
29,2019-07-30,14.7,13.25,27.95,0,0
30,2019-07-31,54.78,14.7,69.48,0,0
31,2019-08-01,37.52,54.78,92.30000000000001,0,0
32,2019-08-02,12.63,37.52,50.150000000000006,0,0
33,2019-08-03,35.11,12.63,47.74,0,0
34,2019-08-04,24.92,35.11,60.03,0,0
35,2019-08-05,1.89,24.92,26.810000000000002,0,0
36,2019-08-06,0.08,1.89,1.97,0,0
37,2019-08-07,0.3,0.08,0.38,0,0
38,2019-08-08,19.08,0.3,19.38,0,0
39,2019-08-09,70.93,19.08,90.01,1,1
40,2019-08-10,68.13,70.93,139.06,1,1
41,2019-08-11,10.65,68.13,78.78,0,0
42,2019-08-12,0.41,10.65,11.06,0,0
43,2019-08-13,1.27,0.41,1.68,0,0
44,2019-08-14,5.15,1.27,6.42,0,0
45,2019-08-15,15.01,5.15,20.16,0,0
46,2019-08-16,10.44,15.01,25.45,0,0
47,2019-08-17,16.68,10.44,27.119999999999997,0,0
48,2019-08-18,1.97,16.68,18.65,0,0
49,2019-08-19,0.3,1.97,2.27,0,0
50,2019-08-20,0.25,0.3,0.55,0,0
51,2019-08-21,0.18,0.25,0.43,0,0
52,2019-08-22,0.02,0.18,0.19999999999999998,0,0
53,2019-08-23,0.44,0.02,0.46,0,0
54,2019-08-24,0.03,0.44,0.47,0,0
55,2019-08-25,0.18,0.03,0.21,0,0
56,2019-08-26,23.01,0.18,23.19,0,0
57,2019-08-27,17.68,23.01,40.69,0,0
58,2019-08-28,14.76,17.68,32.44,0,0
59,2019-08-29,4.77,14.76,19.53,0,0
60,2019-08-30,1.94,4.77,6.709999999999999,0,0
61,2019-08-31,3.93,1.94,5.87,0,0
62,2019-09-01,8.69,3.93,12.62,0,0
63,2019-09-02,8.02,8.69,16.71,0,0
64,2019-09-03,2.89,8.02,10.91,0,0
65,2019-09-04,24.78,2.89,27.67,0,0
66,2019-09-05,22.76,24.78,47.540000000000006,0,0
67,2019-09-06,3.09,22.76,25.85,0,0
68,2019-09-07,4.96,3.09,8.05,0,0
69,2019-09-08,18.5,4.96,23.46,0,0
70,2019-09-09,23.02,18.5,41.519999999999996,0,0
71,2019-09-10,29.92,23.02,52.94,0,0
72,2019-09-11,2.6,29.92,32.52,0,0
73,2019-09-12,1.45,2.6,4.05,0,0
74,2019-09-13,2.73,1.45,4.18,0,0
75,2019-09-14,0.16,2.73,2.89,0,0
76,2019-09-15,0.03,0.16,0.19,0,0
77,2019-09-16,0.03,0.03,0.06,0,0
78,2019-09-17,0.01,0.03,0.04,0,0
79,2019-09-18,3.89,0.01,3.9,0,0
80,2019-09-19,0.47,3.89,4.36,0,0
81,2019-09-20,4.75,0.47,5.22,0,0
82,2019-09-21,4.04,4.75,8.79,0,0
83,2019-09-22,1.3,4.04,5.34,0,0
84,2019-09-23,4.34,1.3,5.64,0,0
85,2019-09-24,1.07,4.34,5.41,0,0
86,2019-09-25,14.12,1.07,15.19,0,0
87,2019-09-26,29.34,14.12,43.46,0,0
88,2019-09-27,20.11,29.34,49.45,0,0
89,2019-09-28,8.4,20.11,28.509999999999998,0,0
90,2019-09-29,22.63,8.4,31.03,0,0
91,2019-09-30,17.9,22.63,40.53,0,0
92,2019-10-01,4.26,17.9,22.159999999999997,0,0
93,2019-10-02,0.27,4.26,4.529999999999999,0,0
94,2019-10-03,0.35,0.27,0.62,0,0
95,2019-10-04,0.45,0.35,0.8,0,0
96,2019-10-05,0.11,0.45,0.56,0,0
97,2019-10-06,0.94,0.11,1.05,0,0
98,2019-10-07,0.02,0.94,0.96,0,0
99,2019-10-08,0.01,0.02,0.03,0,0
100,2019-10-09,0.0,0.01,0.01,0,0
101,2019-10-10,0.0,0.0,0.0,0,0
102,2019-10-11,0.0,0.0,0.0,0,0
103,2019-10-12,0.01,0.0,0.01,0,0
104,2019-10-13,0.0,0.01,0.01,0,0
105,2019-10-14,0.0,0.0,0.0,0,0
106,2019-10-15,0.0,0.0,0.0,0,0
107,2019-10-16,0.0,0.0,0.0,0,0
108,2019-10-17,0.0,0.0,0.0,0,0
109,2019-10-18,0.0,0.0,0.0,0,0
110,2019-10-19,0.0,0.0,0.0,0,0
111,2019-10-20,0.0,0.0,0.0,0,0
112,2019-10-21,0.0,0.0,0.0,0,0
113,2019-10-22,0.85,0.0,0.85,0,0
114,2019-10-23,0.06,0.85,0.9099999999999999,0,0
115,2019-10-24,0.0,0.06,0.06,0,0
116,2019-10-25,0.0,0.0,0.0,0,0
117,2019-10-26,0.08,0.0,0.08,0,0
118,2019-10-27,0.21,0.08,0.29,0,0
119,2019-10-28,0.16,0.21,0.37,0,0
120,2019-10-29,17.4,0.16,17.56,0,0
121,2019-10-30,1.1,17.4,18.5,0,0
122,2019-10-31,0.0,1.1,1.1,0,0
123,2019-11-01,0.14,0.0,0.14,0,0
124,2019-11-02,3.73,0.14,3.87,0,0
125,2019-11-03,0.26,3.73,3.99,0,0
126,2019-11-04,0.0,0.26,0.26,0,0
127,2019-11-05,0.0,0.0,0.0,0,0
128,2019-11-06,0.72,0.0,0.72,0,0
129,2019-11-07,1.32,0.72,2.04,0,0
130,2019-11-08,0.26,1.32,1.58,0,0
131,2019-11-09,0.0,0.26,0.26,0,0
132,2019-11-10,0.0,0.0,0.0,0,0
133,2019-11-11,0.41,0.0,0.41,0,0
134,2019-11-12,0.07,0.41,0.48,0,0
135,2019-11-13,0.0,0.07,0.07,0,0
136,2019-11-14,0.02,0.0,0.02,0,0
137,2019-11-15,0.02,0.02,0.04,0,0
138,2019-11-16,0.0,0.02,0.02,0,0
139,2019-11-17,0.0,0.0,0.0,0,0
140,2019-11-18,0.0,0.0,0.0,0,0
141,2019-11-19,0.0,0.0,0.0,0,0
142,2019-11-20,0.0,0.0,0.0,0,0
143,2019-11-21,0.0,0.0,0.0,0,0
144,2019-11-22,0.0,0.0,0.0,0,0
145,2019-11-23,0.0,0.0,0.0,0,0
146,2019-11-24,0.0,0.0,0.0,0,0
147,2019-11-25,0.0,0.0,0.0,0,0
148,2019-11-26,0.0,0.0,0.0,0,0
149,2019-11-27,0.0,0.0,0.0,0,0
150,2019-11-28,0.0,0.0,0.0,0,0
151,2019-11-29,0.0,0.0,0.0,0,0
152,2019-11-30,0.08,0.0,0.08,0,0
153,2019-12-01,0.02,0.08,0.1,0,0
154,2019-12-02,0.0,0.02,0.02,0,0
155,2019-12-03,0.0,0.0,0.0,0,0
156,2019-12-04,0.0,0.0,0.0,0,0
157,2019-12-05,0.0,0.0,0.0,0,0
158,2019-12-06,0.0,0.0,0.0,0,0
159,2019-12-07,0.0,0.0,0.0,0,0
160,2019-12-08,0.0,0.0,0.0,0,0
161,2019-12-09,0.0,0.0,0.0,0,0
162,2019-12-10,0.0,0.0,0.0,0,0
163,2019-12-11,0.0,0.0,0.0,0,0
164,2019-12-12,0.06,0.0,0.06,0,0
165,2019-12-13,0.02,0.06,0.08,0,0
166,2019-12-14,0.0,0.02,0.02,0,0
167,2019-12-15,0.0,0.0,0.0,0,0
168,2019-12-16,0.0,0.0,0.0,0,0
169,2019-12-17,0.0,0.0,0.0,0,0
170,2019-12-18,0.0,0.0,0.0,0,0
171,2019-12-19,0.0,0.0,0.0,0,0
172,2019-12-20,0.0,0.0,0.0,0,0
173,2019-12-21,0.0,0.0,0.0,0,0
174,2019-12-22,0.0,0.0,0.0,0,0
175,2019-12-23,0.0,0.0,0.0,0,0
176,2019-12-24,0.0,0.0,0.0,0,0
177,2019-12-25,0.0,0.0,0.0,0,0
178,2019-12-26,0.0,0.0,0.0,0,0
179,2019-12-27,0.0,0.0,0.0,0,0
180,2019-12-28,0.0,0.0,0.0,0,0
181,2019-12-29,0.0,0.0,0.0,0,0
182,2019-12-30,0.0,0.0,0.0,0,0
183,2019-12-31,0.0,0.0,0.0,0,0
184,2020-01-01,0.0,0.0,0.0,0,0
185,2020-01-02,0.0,0.0,0.0,0,0
186,2020-01-03,0.0,0.0,0.0,0,0
187,2020-01-04,0.0,0.0,0.0,0,0
188,2020-01-05,0.0,0.0,0.0,0,0
189,2020-01-06,0.0,0.0,0.0,0,0
190,2020-01-07,0.0,0.0,0.0,0,0
191,2020-01-08,0.0,0.0,0.0,0,0
192,2020-01-09,0.0,0.0,0.0,0,0
193,2020-01-10,0.0,0.0,0.0,0,0
194,2020-01-11,0.0,0.0,0.0,0,0
195,2020-01-12,0.0,0.0,0.0,0,0
196,2020-01-13,0.0,0.0,0.0,0,0
197,2020-01-14,0.0,0.0,0.0,0,0
198,2020-01-15,0.0,0.0,0.0,0,0
199,2020-01-16,0.0,0.0,0.0,0,0
200,2020-01-17,0.0,0.0,0.0,0,0
201,2020-01-18,0.0,0.0,0.0,0,0
202,2020-01-19,0.0,0.0,0.0,0,0
203,2020-01-20,0.0,0.0,0.0,0,0
204,2020-01-21,0.0,0.0,0.0,0,0
205,2020-01-22,0.0,0.0,0.0,0,0
206,2020-01-23,0.0,0.0,0.0,0,0
207,2020-01-24,0.0,0.0,0.0,0,0
208,2020-01-25,0.0,0.0,0.0,0,0
209,2020-01-26,0.0,0.0,0.0,0,0
210,2020-01-27,0.0,0.0,0.0,0,0
211,2020-01-28,0.0,0.0,0.0,0,0
212,2020-01-29,0.0,0.0,0.0,0,0
213,2020-01-30,0.0,0.0,0.0,0,0
214,2020-01-31,0.0,0.0,0.0,0,0
215,2020-02-01,0.0,0.0,0.0,0,0
216,2020-02-02,0.0,0.0,0.0,0,0
217,2020-02-03,0.0,0.0,0.0,0,0
218,2020-02-04,0.0,0.0,0.0,0,0
219,2020-02-05,0.0,0.0,0.0,0,0
220,2020-02-06,0.0,0.0,0.0,0,0
221,2020-02-07,0.0,0.0,0.0,0,0
222,2020-02-08,0.0,0.0,0.0,0,0
223,2020-02-09,0.0,0.0,0.0,0,0
224,2020-02-10,0.0,0.0,0.0,0,0
225,2020-02-11,0.0,0.0,0.0,0,0
226,2020-02-12,0.0,0.0,0.0,0,0
227,2020-02-13,0.0,0.0,0.0,0,0
228,2020-02-14,0.0,0.0,0.0,0,0
229,2020-02-15,0.0,0.0,0.0,0,0
230,2020-02-16,0.0,0.0,0.0,0,0
231,2020-02-17,0.0,0.0,0.0,0,0
232,2020-02-18,0.0,0.0,0.0,0,0
233,2020-02-19,0.0,0.0,0.0,0,0
234,2020-02-20,0.0,0.0,0.0,0,0
235,2020-02-21,0.0,0.0,0.0,0,0
236,2020-02-22,0.0,0.0,0.0,0,0
237,2020-02-23,0.0,0.0,0.0,0,0
238,2020-02-24,0.0,0.0,0.0,0,0
239,2020-02-25,0.0,0.0,0.0,0,0
240,2020-02-26,0.0,0.0,0.0,0,0
241,2020-02-27,0.0,0.0,0.0,0,0
242,2020-02-28,0.0,0.0,0.0,0,0
243,2020-02-29,0.0,0.0,0.0,0,0
244,2020-03-01,0.0,0.0,0.0,0,0
245,2020-03-02,0.0,0.0,0.0,0,0
246,2020-03-03,0.0,0.0,0.0,0,0
247,2020-03-04,0.0,0.0,0.0,0,0
248,2020-03-05,0.74,0.0,0.74,0,0
249,2020-03-06,0.58,0.74,1.3199999999999998,0,0
250,2020-03-07,0.02,0.58,0.6,0,0
251,2020-03-08,0.0,0.02,0.02,0,0
252,2020-03-09,0.0,0.0,0.0,0,0
253,2020-03-10,0.0,0.0,0.0,0,0
254,2020-03-11,0.0,0.0,0.0,0,0
255,2020-03-12,0.0,0.0,0.0,0,0
256,2020-03-13,0.0,0.0,0.0,0,0
257,2020-03-14,0.0,0.0,0.0,0,0
258,2020-03-15,0.0,0.0,0.0,0,0
259,2020-03-16,0.0,0.0,0.0,0,0
260,2020-03-17,0.0,0.0,0.0,0,0
261,2020-03-18,0.0,0.0,0.0,0,0
262,2020-03-19,0.0,0.0,0.0,0,0
263,2020-03-20,0.0,0.0,0.0,0,0
264,2020-03-21,0.0,0.0,0.0,0,0
265,2020-03-22,0.0,0.0,0.0,0,0
266,2020-03-23,0.02,0.0,0.02,0,0
267,2020-03-24,0.0,0.02,0.02,0,0
268,2020-03-25,0.02,0.0,0.02,0,0
269,2020-03-26,3.41,0.02,3.43,0,0
270,2020-03-27,2.74,3.41,6.15,0,0
271,2020-03-28,0.0,2.74,2.74,0,0
272,2020-03-29,0.0,0.0,0.0,0,0
273,2020-03-30,0.0,0.0,0.0,0,0
274,2020-03-31,0.0,0.0,0.0,0,0
275,2020-04-01,0.0,0.0,0.0,0,0
276,2020-04-02,0.0,0.0,0.0,0,0
277,2020-04-03,0.0,0.0,0.0,0,0
278,2020-04-04,0.0,0.0,0.0,0,0
279,2020-04-05,0.0,0.0,0.0,0,0
280,2020-04-06,0.0,0.0,0.0,0,0
281,2020-04-07,0.0,0.0,0.0,0,0
282,2020-04-08,0.0,0.0,0.0,0,0
283,2020-04-09,0.0,0.0,0.0,0,0
284,2020-04-10,0.0,0.0,0.0,0,0
285,2020-04-11,0.0,0.0,0.0,0,0
286,2020-04-12,0.0,0.0,0.0,0,0
287,2020-04-13,0.0,0.0,0.0,0,0
288,2020-04-14,0.0,0.0,0.0,0,0
289,2020-04-15,0.0,0.0,0.0,0,0
290,2020-04-16,0.0,0.0,0.0,0,0
291,2020-04-17,0.0,0.0,0.0,0,0
292,2020-04-18,0.0,0.0,0.0,0,0
293,2020-04-19,0.0,0.0,0.0,0,0
294,2020-04-20,0.0,0.0,0.0,0,0
295,2020-04-21,0.0,0.0,0.0,0,0
296,2020-04-22,0.0,0.0,0.0,0,0
297,2020-04-23,0.0,0.0,0.0,0,0
298,2020-04-24,0.0,0.0,0.0,0,0
299,2020-04-25,0.0,0.0,0.0,0,0
300,2020-04-26,0.04,0.0,0.04,0,0
301,2020-04-27,0.17,0.04,0.21000000000000002,0,0
302,2020-04-28,0.0,0.17,0.17,0,0
303,2020-04-29,0.0,0.0,0.0,0,0
304,2020-04-30,0.0,0.0,0.0,0,0
305,2020-05-01,0.02,0.0,0.02,0,0
306,2020-05-02,0.0,0.02,0.02,0,0
307,2020-05-03,0.0,0.0,0.0,0,0
308,2020-05-04,0.08,0.0,0.08,0,0
309,2020-05-05,0.69,0.08,0.7699999999999999,0,0
310,2020-05-06,0.0,0.69,0.69,0,0
311,2020-05-07,0.0,0.0,0.0,0,0
312,2020-05-08,0.0,0.0,0.0,0,0
313,2020-05-09,0.0,0.0,0.0,0,0
314,2020-05-10,0.0,0.0,0.0,0,0
315,2020-05-11,0.0,0.0,0.0,0,0
316,2020-05-12,0.0,0.0,0.0,0,0
317,2020-05-13,0.0,0.0,0.0,0,0
318,2020-05-14,0.0,0.0,0.0,0,0
319,2020-05-15,0.0,0.0,0.0,0,0
320,2020-05-16,0.0,0.0,0.0,0,0
321,2020-05-17,0.0,0.0,0.0,0,0
322,2020-05-18,0.0,0.0,0.0,0,0
323,2020-05-19,0.03,0.0,0.03,0,0
324,2020-05-20,0.0,0.03,0.03,0,0
325,2020-05-21,0.0,0.0,0.0,0,0
326,2020-05-22,0.0,0.0,0.0,0,0
327,2020-05-23,0.0,0.0,0.0,0,0
328,2020-05-24,0.0,0.0,0.0,0,0
329,2020-05-25,0.0,0.0,0.0,0,0
330,2020-05-26,0.0,0.0,0.0,0,0
331,2020-05-27,0.0,0.0,0.0,0,0
332,2020-05-28,0.0,0.0,0.0,0,0
333,2020-05-29,0.0,0.0,0.0,0,0
334,2020-05-30,0.21,0.0,0.21,0,0
335,2020-05-31,0.07,0.21,0.28,0,0
336,2020-06-01,0.06,0.07,0.13,0,0
337,2020-06-02,0.04,0.06,0.1,0,0
338,2020-06-03,0.35,0.04,0.38999999999999996,0,0
339,2020-06-04,0.85,0.35,1.2,0,0
340,2020-06-05,2.02,0.85,2.87,0,0
341,2020-06-06,4.96,2.02,6.98,0,0
342,2020-06-07,5.41,4.96,10.370000000000001,0,0
343,2020-06-08,7.59,5.41,13.0,0,0
344,2020-06-09,14.63,7.59,22.22,0,0
345,2020-06-10,27.62,14.63,42.25,0,0
346,2020-06-11,8.55,27.62,36.17,0,0
347,2020-06-12,10.56,8.55,19.11,0,0
348,2020-06-13,35.7,10.56,46.260000000000005,0,0
349,2020-06-14,12.47,35.7,48.17,0,0
350,2020-06-15,0.41,12.47,12.88,0,0
351,2020-06-16,1.58,0.41,1.99,0,0
352,2020-06-17,0.94,1.58,2.52,0,0
353,2020-06-18,0.01,0.94,0.95,0,0
354,2020-06-19,0.0,0.01,0.01,0,0
355,2020-06-20,1.75,0.0,1.75,0,0
356,2020-06-21,0.5,1.75,2.25,0,0
357,2020-06-22,1.1,0.5,1.6,0,0
358,2020-06-23,0.04,1.1,1.1400000000000001,0,0
359,2020-06-24,4.62,0.04,4.66,0,0
360,2020-06-25,2.22,4.62,6.84,0,0
361,2020-06-26,0.88,2.22,3.1,0,0
362,2020-06-27,0.08,0.88,0.96,0,0
363,2020-06-28,0.42,0.08,0.5,0,0
364,2020-06-29,0.21,0.42,0.63,0,0
365,2020-06-30,2.2,0.21,2.41,0,0
366,2020-07-01,0.25,2.2,2.45,0,0
367,2020-07-02,0.31,0.25,0.56,0,0
368,2020-07-03,10.78,0.31,11.09,0,0
369,2020-07-04,8.62,10.78,19.4,0,0
370,2020-07-05,3.79,8.62,12.41,0,0
371,2020-07-06,12.12,3.79,15.91,0,0
372,2020-07-07,1.56,12.12,13.68,0,0
373,2020-07-08,7.16,1.56,8.72,0,0
374,2020-07-09,7.15,7.16,14.31,0,0
375,2020-07-10,8.78,7.15,15.93,0,0
376,2020-07-11,5.74,8.78,14.52,0,0
377,2020-07-12,14.65,5.74,20.39,0,0
378,2020-07-13,4.27,14.65,18.92,0,0
379,2020-07-14,2.76,4.27,7.029999999999999,0,0
380,2020-07-15,7.82,2.76,10.58,0,0
381,2020-07-16,26.11,7.82,33.93,0,0
382,2020-07-17,2.59,26.11,28.7,0,0
383,2020-07-18,0.54,2.59,3.13,0,0
384,2020-07-19,0.13,0.54,0.67,0,0
385,2020-07-20,2.51,0.13,2.6399999999999997,0,0
386,2020-07-21,0.57,2.51,3.0799999999999996,0,0
387,2020-07-22,0.31,0.57,0.8799999999999999,0,0
388,2020-07-23,4.71,0.31,5.02,0,0
389,2020-07-24,10.68,4.71,15.39,0,0
390,2020-07-25,10.4,10.68,21.08,0,0
391,2020-07-26,9.53,10.4,19.93,0,0
392,2020-07-27,0.06,9.53,9.59,0,0
393,2020-07-28,0.55,0.06,0.6100000000000001,0,0
394,2020-07-29,0.69,0.55,1.24,0,0
395,2020-07-30,9.75,0.69,10.44,0,0
396,2020-07-31,4.64,9.75,14.39,0,0
397,2020-08-01,0.87,4.64,5.51,0,0
398,2020-08-02,0.21,0.87,1.08,0,0
399,2020-08-03,0.78,0.21,0.99,0,0
400,2020-08-04,2.16,0.78,2.9400000000000004,0,0
401,2020-08-05,7.14,2.16,9.3,0,0
402,2020-08-06,3.61,7.14,10.75,0,0
403,2020-08-07,9.4,3.61,13.01,0,0
404,2020-08-08,20.02,9.4,29.42,0,0
405,2020-08-09,19.12,20.02,39.14,0,0
406,2020-08-10,28.67,19.12,47.790000000000006,0,0
407,2020-08-11,12.17,28.67,40.84,0,0
408,2020-08-12,19.35,12.17,31.520000000000003,0,0
409,2020-08-13,69.53,19.35,88.88,1,1
410,2020-08-14,22.59,69.53,92.12,0,0
411,2020-08-15,8.36,22.59,30.95,0,0
412,2020-08-16,6.49,8.36,14.85,0,0
413,2020-08-17,38.55,6.49,45.04,0,0
414,2020-08-18,16.99,38.55,55.53999999999999,0,0
415,2020-08-19,12.92,16.99,29.909999999999997,0,0
416,2020-08-20,5.16,12.92,18.08,0,0
417,2020-08-21,24.52,5.16,29.68,0,0
418,2020-08-22,20.58,24.52,45.099999999999994,0,0
419,2020-08-23,43.68,20.58,64.25999999999999,0,0
420,2020-08-24,38.4,43.68,82.08,0,0
421,2020-08-25,6.63,38.4,45.03,0,0
422,2020-08-26,6.86,6.63,13.49,0,0
423,2020-08-27,3.63,6.86,10.49,0,0
424,2020-08-28,2.19,3.63,5.82,0,0
425,2020-08-29,8.12,2.19,10.309999999999999,0,0
426,2020-08-30,41.21,8.12,49.33,0,0
427,2020-08-31,15.87,41.21,57.08,0,0
428,2020-09-01,3.06,15.87,18.93,0,0
429,2020-09-02,1.47,3.06,4.53,0,0
430,2020-09-03,0.82,1.47,2.29,0,0
431,2020-09-04,0.94,0.82,1.7599999999999998,0,0
432,2020-09-05,5.69,0.94,6.630000000000001,0,0
433,2020-09-06,4.75,5.69,10.440000000000001,0,0
434,2020-09-07,1.16,4.75,5.91,0,0
435,2020-09-08,0.03,1.16,1.19,0,0
436,2020-09-09,5.5,0.03,5.53,0,0
437,2020-09-10,5.79,5.5,11.29,0,0
438,2020-09-11,22.51,5.79,28.3,0,0
439,2020-09-12,18.61,22.51,41.120000000000005,0,0
440,2020-09-13,6.03,18.61,24.64,0,0
441,2020-09-14,0.67,6.03,6.7,0,0
442,2020-09-15,0.96,0.67,1.63,0,0
443,2020-09-16,3.32,0.96,4.279999999999999,0,0
444,2020-09-17,0.83,3.32,4.1499999999999995,0,0
445,2020-09-18,0.61,0.83,1.44,0,0
446,2020-09-19,5.27,0.61,5.88,0,0
447,2020-09-20,2.92,5.27,8.19,0,0
448,2020-09-21,5.27,2.92,8.19,0,0
449,2020-09-22,0.27,5.27,5.539999999999999,0,0
450,2020-09-23,2.63,0.27,2.9,0,0
451,2020-09-24,0.3,2.63,2.9299999999999997,0,0
452,2020-09-25,0.17,0.3,0.47,0,0
453,2020-09-26,1.12,0.17,1.29,0,0
454,2020-09-27,0.66,1.12,1.7800000000000002,0,0
455,2020-09-28,6.03,0.66,6.69,0,0
456,2020-09-29,1.24,6.03,7.2700000000000005,0,0
457,2020-09-30,5.25,1.24,6.49,0,0
458,2020-10-01,0.56,5.25,5.8100000000000005,0,0
459,2020-10-02,0.0,0.56,0.56,0,0
460,2020-10-03,0.0,0.0,0.0,0,0
461,2020-10-04,0.0,0.0,0.0,0,0
462,2020-10-05,0.0,0.0,0.0,0,0
463,2020-10-06,0.0,0.0,0.0,0,0
464,2020-10-07,0.0,0.0,0.0,0,0
465,2020-10-08,0.0,0.0,0.0,0,0
466,2020-10-09,0.0,0.0,0.0,0,0
467,2020-10-10,0.0,0.0,0.0,0,0
468,2020-10-11,0.0,0.0,0.0,0,0
469,2020-10-12,0.0,0.0,0.0,0,0
470,2020-10-13,0.0,0.0,0.0,0,0
471,2020-10-14,0.1,0.0,0.1,0,0
472,2020-10-15,0.05,0.1,0.15000000000000002,0,0
473,2020-10-16,0.25,0.05,0.3,0,0
474,2020-10-17,0.53,0.25,0.78,0,0
475,2020-10-18,8.04,0.53,8.569999999999999,0,0
476,2020-10-19,0.22,8.04,8.26,0,0
477,2020-10-20,0.41,0.22,0.63,0,0
478,2020-10-21,0.16,0.41,0.57,0,0
479,2020-10-22,0.05,0.16,0.21000000000000002,0,0
480,2020-10-23,0.0,0.05,0.05,0,0
481,2020-10-24,0.0,0.0,0.0,0,0
482,2020-10-25,0.0,0.0,0.0,0,0
483,2020-10-26,0.0,0.0,0.0,0,0
484,2020-10-27,0.0,0.0,0.0,0,0
485,2020-10-28,0.0,0.0,0.0,0,0
486,2020-10-29,0.0,0.0,0.0,0,0
487,2020-10-30,0.0,0.0,0.0,0,0
488,2020-10-31,0.0,0.0,0.0,0,0
489,2020-11-01,0.0,0.0,0.0,0,0
490,2020-11-02,0.0,0.0,0.0,0,0
491,2020-11-03,0.0,0.0,0.0,0,0
492,2020-11-04,0.0,0.0,0.0,0,0
493,2020-11-05,0.0,0.0,0.0,0,0
494,2020-11-06,0.0,0.0,0.0,0,0
495,2020-11-07,0.0,0.0,0.0,0,0
496,2020-11-08,0.0,0.0,0.0,0,0
497,2020-11-09,0.0,0.0,0.0,0,0
498,2020-11-10,0.0,0.0,0.0,0,0
499,2020-11-11,0.0,0.0,0.0,0,0
500,2020-11-12,0.0,0.0,0.0,0,0
501,2020-11-13,0.0,0.0,0.0,0,0
502,2020-11-14,0.0,0.0,0.0,0,0
503,2020-11-15,0.0,0.0,0.0,0,0
504,2020-11-16,0.0,0.0,0.0,0,0
505,2020-11-17,0.0,0.0,0.0,0,0
506,2020-11-18,0.0,0.0,0.0,0,0
507,2020-11-19,0.0,0.0,0.0,0,0
508,2020-11-20,0.0,0.0,0.0,0,0
509,2020-11-21,0.0,0.0,0.0,0,0
510,2020-11-22,0.0,0.0,0.0,0,0
511,2020-11-23,0.0,0.0,0.0,0,0
512,2020-11-24,0.0,0.0,0.0,0,0
513,2020-11-25,0.02,0.0,0.02,0,0
514,2020-11-26,0.02,0.02,0.04,0,0
515,2020-11-27,0.0,0.02,0.02,0,0
516,2020-11-28,0.0,0.0,0.0,0,0
517,2020-11-29,0.0,0.0,0.0,0,0
518,2020-11-30,0.0,0.0,0.0,0,0
519,2020-12-01,0.0,0.0,0.0,0,0
520,2020-12-02,0.0,0.0,0.0,0,0
521,2020-12-03,0.0,0.0,0.0,0,0
522,2020-12-04,0.0,0.0,0.0,0,0
523,2020-12-05,0.0,0.0,0.0,0,0
524,2020-12-06,0.0,0.0,0.0,0,0
525,2020-12-07,0.0,0.0,0.0,0,0
526,2020-12-08,0.0,0.0,0.0,0,0
527,2020-12-09,0.0,0.0,0.0,0,0
528,2020-12-10,0.09,0.0,0.09,0,0
529,2020-12-11,4.12,0.09,4.21,0,0
530,2020-12-12,0.43,4.12,4.55,0,0
531,2020-12-13,0.0,0.43,0.43,0,0
532,2020-12-14,0.0,0.0,0.0,0,0
533,2020-12-15,0.0,0.0,0.0,0,0
534,2020-12-16,0.0,0.0,0.0,0,0
535,2020-12-17,0.0,0.0,0.0,0,0
536,2020-12-18,0.0,0.0,0.0,0,0
537,2020-12-19,0.0,0.0,0.0,0,0
538,2020-12-20,0.0,0.0,0.0,0,0
539,2020-12-21,0.0,0.0,0.0,0,0
540,2020-12-22,0.0,0.0,0.0,0,0
541,2020-12-23,0.0,0.0,0.0,0,0
542,2020-12-24,0.0,0.0,0.0,0,0
543,2020-12-25,0.0,0.0,0.0,0,0
544,2020-12-26,0.0,0.0,0.0,0,0
545,2020-12-27,0.0,0.0,0.0,0,0
546,2020-12-28,0.0,0.0,0.0,0,0
547,2020-12-29,0.0,0.0,0.0,0,0
548,2020-12-30,0.0,0.0,0.0,0,0
549,2020-12-31,0.0,0.0,0.0,0,0
550,2021-01-01,0.0,0.0,0.0,0,0
551,2021-01-02,0.0,0.0,0.0,0,0
552,2021-01-03,0.0,0.0,0.0,0,0
553,2021-01-04,0.0,0.0,0.0,0,0
554,2021-01-05,0.0,0.0,0.0,0,0
555,2021-01-06,0.0,0.0,0.0,0,0
556,2021-01-07,0.0,0.0,0.0,0,0
557,2021-01-08,0.0,0.0,0.0,0,0
558,2021-01-09,0.0,0.0,0.0,0,0
559,2021-01-10,0.0,0.0,0.0,0,0
560,2021-01-11,0.0,0.0,0.0,0,0
561,2021-01-12,0.0,0.0,0.0,0,0
562,2021-01-13,0.0,0.0,0.0,0,0
563,2021-01-14,0.0,0.0,0.0,0,0
564,2021-01-15,0.0,0.0,0.0,0,0
565,2021-01-16,0.0,0.0,0.0,0,0
566,2021-01-17,0.0,0.0,0.0,0,0
567,2021-01-18,0.0,0.0,0.0,0,0
568,2021-01-19,0.0,0.0,0.0,0,0
569,2021-01-20,0.0,0.0,0.0,0,0
570,2021-01-21,0.0,0.0,0.0,0,0
571,2021-01-22,0.0,0.0,0.0,0,0
572,2021-01-23,0.0,0.0,0.0,0,0
573,2021-01-24,0.0,0.0,0.0,0,0
574,2021-01-25,0.0,0.0,0.0,0,0
575,2021-01-26,0.0,0.0,0.0,0,0
576,2021-01-27,0.0,0.0,0.0,0,0
577,2021-01-28,0.0,0.0,0.0,0,0
578,2021-01-29,0.0,0.0,0.0,0,0
579,2021-01-30,0.0,0.0,0.0,0,0
580,2021-01-31,0.0,0.0,0.0,0,0
581,2021-02-01,0.0,0.0,0.0,0,0
582,2021-02-02,0.0,0.0,0.0,0,0
583,2021-02-03,0.0,0.0,0.0,0,0
584,2021-02-04,0.0,0.0,0.0,0,0
585,2021-02-05,0.0,0.0,0.0,0,0
586,2021-02-06,0.0,0.0,0.0,0,0
587,2021-02-07,0.0,0.0,0.0,0,0
588,2021-02-08,0.0,0.0,0.0,0,0
589,2021-02-09,0.0,0.0,0.0,0,0
590,2021-02-10,0.0,0.0,0.0,0,0
591,2021-02-11,0.0,0.0,0.0,0,0
592,2021-02-12,0.0,0.0,0.0,0,0
593,2021-02-13,0.0,0.0,0.0,0,0
594,2021-02-14,0.0,0.0,0.0,0,0
595,2021-02-15,0.0,0.0,0.0,0,0
596,2021-02-16,0.0,0.0,0.0,0,0
597,2021-02-17,0.0,0.0,0.0,0,0
598,2021-02-18,0.0,0.0,0.0,0,0
599,2021-02-19,0.0,0.0,0.0,0,0
600,2021-02-20,0.0,0.0,0.0,0,0
601,2021-02-21,0.0,0.0,0.0,0,0
602,2021-02-22,0.0,0.0,0.0,0,0
603,2021-02-23,0.0,0.0,0.0,0,0
604,2021-02-24,0.0,0.0,0.0,0,0
605,2021-02-25,0.0,0.0,0.0,0,0
606,2021-02-26,0.0,0.0,0.0,0,0
607,2021-02-27,0.0,0.0,0.0,0,0
608,2021-02-28,0.0,0.0,0.0,0,0
609,2021-03-01,0.0,0.0,0.0,0,0
610,2021-03-02,0.0,0.0,0.0,0,0
611,2021-03-03,0.0,0.0,0.0,0,0
612,2021-03-04,0.0,0.0,0.0,0,0
613,2021-03-05,0.0,0.0,0.0,0,0
614,2021-03-06,0.0,0.0,0.0,0,0
615,2021-03-07,0.0,0.0,0.0,0,0
616,2021-03-08,0.0,0.0,0.0,0,0
617,2021-03-09,0.0,0.0,0.0,0,0
618,2021-03-10,0.0,0.0,0.0,0,0
619,2021-03-11,0.0,0.0,0.0,0,0
620,2021-03-12,0.0,0.0,0.0,0,0
621,2021-03-13,0.0,0.0,0.0,0,0
622,2021-03-14,0.0,0.0,0.0,0,0
623,2021-03-15,0.0,0.0,0.0,0,0
624,2021-03-16,0.0,0.0,0.0,0,0
625,2021-03-17,0.0,0.0,0.0,0,0
626,2021-03-18,0.0,0.0,0.0,0,0
627,2021-03-19,0.0,0.0,0.0,0,0
628,2021-03-20,0.0,0.0,0.0,0,0
629,2021-03-21,0.0,0.0,0.0,0,0
630,2021-03-22,0.0,0.0,0.0,0,0
631,2021-03-23,0.09,0.0,0.09,0,0
632,2021-03-24,0.0,0.09,0.09,0,0
633,2021-03-25,0.0,0.0,0.0,0,0
634,2021-03-26,0.0,0.0,0.0,0,0
635,2021-03-27,0.0,0.0,0.0,0,0
636,2021-03-28,0.0,0.0,0.0,0,0
637,2021-03-29,0.0,0.0,0.0,0,0
638,2021-03-30,0.0,0.0,0.0,0,0
639,2021-03-31,0.0,0.0,0.0,0,0
640,2021-04-01,0.0,0.0,0.0,0,0
641,2021-04-02,0.0,0.0,0.0,0,0
642,2021-04-03,0.0,0.0,0.0,0,0
643,2021-04-04,0.0,0.0,0.0,0,0
644,2021-04-05,0.0,0.0,0.0,0,0
645,2021-04-06,0.0,0.0,0.0,0,0
646,2021-04-07,0.0,0.0,0.0,0,0
647,2021-04-08,0.0,0.0,0.0,0,0
648,2021-04-09,0.0,0.0,0.0,0,0
649,2021-04-10,0.0,0.0,0.0,0,0
650,2021-04-11,0.0,0.0,0.0,0,0
651,2021-04-12,0.0,0.0,0.0,0,0
652,2021-04-13,0.0,0.0,0.0,0,0
653,2021-04-14,0.0,0.0,0.0,0,0
654,2021-04-15,0.0,0.0,0.0,0,0
655,2021-04-16,0.0,0.0,0.0,0,0
656,2021-04-17,0.0,0.0,0.0,0,0
657,2021-04-18,0.0,0.0,0.0,0,0
658,2021-04-19,0.0,0.0,0.0,0,0
659,2021-04-20,0.0,0.0,0.0,0,0
660,2021-04-21,0.0,0.0,0.0,0,0
661,2021-04-22,0.0,0.0,0.0,0,0
662,2021-04-23,0.0,0.0,0.0,0,0
663,2021-04-24,0.0,0.0,0.0,0,0
664,2021-04-25,0.0,0.0,0.0,0,0
665,2021-04-26,0.0,0.0,0.0,0,0
666,2021-04-27,0.02,0.0,0.02,0,0
667,2021-04-28,0.13,0.02,0.15,0,0
668,2021-04-29,0.0,0.13,0.13,0,0
669,2021-04-30,0.0,0.0,0.0,0,0
670,2021-05-01,0.01,0.0,0.01,0,0
671,2021-05-02,0.0,0.01,0.01,0,0
672,2021-05-03,0.0,0.0,0.0,0,0
673,2021-05-04,0.0,0.0,0.0,0,0
674,2021-05-05,0.0,0.0,0.0,0,0
675,2021-05-06,0.0,0.0,0.0,0,0
676,2021-05-07,0.0,0.0,0.0,0,0
677,2021-05-08,0.0,0.0,0.0,0,0
678,2021-05-09,0.0,0.0,0.0,0,0
679,2021-05-10,0.0,0.0,0.0,0,0
680,2021-05-11,0.0,0.0,0.0,0,0
681,2021-05-12,0.0,0.0,0.0,0,0
682,2021-05-13,0.0,0.0,0.0,0,0
683,2021-05-14,0.0,0.0,0.0,0,0
684,2021-05-15,0.0,0.0,0.0,0,0
685,2021-05-16,1.51,0.0,1.51,0,0
686,2021-05-17,13.52,1.51,15.03,0,0
687,2021-05-18,48.8,13.52,62.31999999999999,0,0
688,2021-05-19,6.76,48.8,55.559999999999995,0,0
689,2021-05-20,0.0,6.76,6.76,0,0
690,2021-05-21,0.0,0.0,0.0,0,0
691,2021-05-22,0.0,0.0,0.0,0,0
692,2021-05-23,0.02,0.0,0.02,0,0
693,2021-05-24,0.0,0.02,0.02,0,0
694,2021-05-25,0.0,0.0,0.0,0,0
695,2021-05-26,0.0,0.0,0.0,0,0
696,2021-05-27,0.0,0.0,0.0,0,0
697,2021-05-28,0.02,0.0,0.02,0,0
698,2021-05-29,0.02,0.02,0.04,0,0
699,2021-05-30,0.0,0.02,0.02,0,0
700,2021-05-31,0.0,0.0,0.0,0,0
701,2021-06-01,0.0,0.0,0.0,0,0
702,2021-06-02,0.03,0.0,0.03,0,0
703,2021-06-03,0.05,0.03,0.08,0,0
704,2021-06-04,12.24,0.05,12.290000000000001,0,0
705,2021-06-05,5.1,12.24,17.34,0,0
706,2021-06-06,0.23,5.1,5.33,0,0
707,2021-06-07,0.23,0.23,0.46,0,0
708,2021-06-08,0.0,0.23,0.23,0,0
709,2021-06-09,0.01,0.0,0.01,0,0
710,2021-06-10,0.01,0.01,0.02,0,0
711,2021-06-11,0.02,0.01,0.03,0,0
712,2021-06-12,0.0,0.02,0.02,0,0
713,2021-06-13,0.0,0.0,0.0,0,0
714,2021-06-14,0.0,0.0,0.0,0,0
715,2021-06-15,0.01,0.0,0.01,0,0
716,2021-06-16,14.01,0.01,14.02,0,0
717,2021-06-17,29.43,14.01,43.44,0,0
718,2021-06-18,30.5,29.43,59.93,0,0
719,2021-06-19,15.01,30.5,45.51,0,0
720,2021-06-20,12.71,15.01,27.72,0,0
721,2021-06-21,8.27,12.71,20.98,0,0
722,2021-06-22,6.32,8.27,14.59,0,0
723,2021-06-23,0.21,6.32,6.53,0,0
724,2021-06-24,4.13,0.21,4.34,0,0
725,2021-06-25,1.11,4.13,5.24,0,0
726,2021-06-26,0.19,1.11,1.3,0,0
727,2021-06-27,3.84,0.19,4.03,0,0
728,2021-06-28,21.35,3.84,25.19,0,0
729,2021-06-29,0.19,21.35,21.540000000000003,0,0
730,2021-06-30,0.14,0.19,0.33,0,0
731,2021-07-01,0.09,0.14,0.23,0,0
732,2021-07-02,0.0,0.09,0.09,0,0
733,2021-07-03,0.01,0.0,0.01,0,0
734,2021-07-04,0.0,0.01,0.01,0,0
735,2021-07-05,0.01,0.0,0.01,0,0
736,2021-07-06,0.06,0.01,0.06999999999999999,0,0
737,2021-07-07,0.0,0.06,0.06,0,0
738,2021-07-08,0.0,0.0,0.0,0,0
739,2021-07-09,0.08,0.0,0.08,0,0
740,2021-07-10,2.07,0.08,2.15,0,0
741,2021-07-11,22.6,2.07,24.67,0,0
742,2021-07-12,7.11,22.6,29.71,0,0
743,2021-07-13,5.3,7.11,12.41,0,0
744,2021-07-14,0.81,5.3,6.109999999999999,0,0
745,2021-07-15,3.66,0.81,4.470000000000001,0,0
746,2021-07-16,1.11,3.66,4.7700000000000005,0,0
747,2021-07-17,0.86,1.11,1.9700000000000002,0,0
748,2021-07-18,1.83,0.86,2.69,0,0
749,2021-07-19,1.36,1.83,3.1900000000000004,0,0
750,2021-07-20,4.01,1.36,5.37,0,0
751,2021-07-21,0.54,4.01,4.55,0,0
752,2021-07-22,0.11,0.54,0.65,0,0
753,2021-07-23,0.36,0.11,0.47,0,0
754,2021-07-24,9.28,0.36,9.639999999999999,0,0
755,2021-07-25,29.86,9.28,39.14,0,0
756,2021-07-26,17.28,29.86,47.14,0,0
757,2021-07-27,4.9,17.28,22.18,0,0
758,2021-07-28,1.26,4.9,6.16,0,0
759,2021-07-29,5.11,1.26,6.37,0,0
760,2021-07-30,1.55,5.11,6.66,0,0
761,2021-07-31,1.43,1.55,2.98,0,0
762,2021-08-01,1.38,1.43,2.8099999999999996,0,0
763,2021-08-02,1.43,1.38,2.8099999999999996,0,0
764,2021-08-03,0.9,1.43,2.33,0,0
765,2021-08-04,0.33,0.9,1.23,0,0
766,2021-08-05,0.04,0.33,0.37,0,0
767,2021-08-06,0.16,0.04,0.2,0,0
768,2021-08-07,0.02,0.16,0.18,0,0
769,2021-08-08,0.06,0.02,0.08,0,0
770,2021-08-09,0.0,0.06,0.06,0,0
771,2021-08-10,0.42,0.0,0.42,0,0
772,2021-08-11,0.45,0.42,0.87,0,0
773,2021-08-12,0.05,0.45,0.5,0,0
774,2021-08-13,0.03,0.05,0.08,0,0
775,2021-08-14,0.01,0.03,0.04,0,0
776,2021-08-15,0.0,0.01,0.01,0,0
777,2021-08-16,0.0,0.0,0.0,0,0
778,2021-08-17,10.04,0.0,10.04,0,0
779,2021-08-18,1.41,10.04,11.45,0,0
780,2021-08-19,1.53,1.41,2.94,0,0
781,2021-08-20,1.32,1.53,2.85,0,0
782,2021-08-21,2.94,1.32,4.26,0,0
783,2021-08-22,0.37,2.94,3.31,0,0
784,2021-08-23,0.02,0.37,0.39,0,0
785,2021-08-24,0.01,0.02,0.03,0,0
786,2021-08-25,0.03,0.01,0.04,0,0
787,2021-08-26,0.01,0.03,0.04,0,0
788,2021-08-27,0.0,0.01,0.01,0,0
789,2021-08-28,0.05,0.0,0.05,0,0
790,2021-08-29,3.53,0.05,3.5799999999999996,0,0
791,2021-08-30,4.13,3.53,7.66,0,0
792,2021-08-31,14.21,4.13,18.34,0,0
793,2021-09-01,13.55,14.21,27.76,0,0
794,2021-09-02,10.31,13.55,23.86,0,0
795,2021-09-03,1.6,10.31,11.91,0,0
796,2021-09-04,0.54,1.6,2.14,0,0
797,2021-09-05,1.24,0.54,1.78,0,0
798,2021-09-06,0.52,1.24,1.76,0,0
799,2021-09-07,7.16,0.52,7.68,0,0
800,2021-09-08,12.43,7.16,19.59,0,0
801,2021-09-09,16.32,12.43,28.75,0,0
802,2021-09-10,17.99,16.32,34.31,0,0
803,2021-09-11,17.69,17.99,35.68,0,0
804,2021-09-12,15.55,17.69,33.24,0,0
805,2021-09-13,10.0,15.55,25.55,0,0
806,2021-09-14,4.51,10.0,14.51,0,0
807,2021-09-15,6.85,4.51,11.36,0,0
808,2021-09-16,15.94,6.85,22.79,0,0
809,2021-09-17,6.39,15.94,22.33,0,0
810,2021-09-18,3.72,6.39,10.11,0,0
811,2021-09-19,20.23,3.72,23.95,0,0
812,2021-09-20,13.53,20.23,33.76,0,0
813,2021-09-21,9.45,13.53,22.979999999999997,0,0
814,2021-09-22,6.25,9.45,15.7,0,0
815,2021-09-23,4.46,6.25,10.71,0,0
816,2021-09-24,0.88,4.46,5.34,0,0
817,2021-09-25,5.85,0.88,6.7299999999999995,0,0
818,2021-09-26,7.98,5.85,13.83,0,0
819,2021-09-27,12.17,7.98,20.15,0,0
820,2021-09-28,11.44,12.17,23.61,0,0
821,2021-09-29,8.25,11.44,19.689999999999998,0,0
822,2021-09-30,11.04,8.25,19.29,0,0
823,2021-10-01,0.35,11.04,11.389999999999999,0,0
824,2021-10-02,2.18,0.35,2.5300000000000002,0,0
825,2021-10-03,1.0,2.18,3.18,0,0
826,2021-10-04,0.1,1.0,1.1,0,0
827,2021-10-05,0.0,0.1,0.1,0,0
828,2021-10-06,0.69,0.0,0.69,0,0
829,2021-10-07,0.06,0.69,0.75,0,0
830,2021-10-08,1.23,0.06,1.29,0,0
831,2021-10-09,3.07,1.23,4.3,0,0
832,2021-10-10,0.77,3.07,3.84,0,0
833,2021-10-11,0.48,0.77,1.25,0,0
834,2021-10-12,2.1,0.48,2.58,0,0
835,2021-10-13,0.04,2.1,2.14,0,0
836,2021-10-14,0.0,0.04,0.04,0,0
837,2021-10-15,0.0,0.0,0.0,0,0
838,2021-10-16,0.0,0.0,0.0,0,0
839,2021-10-17,0.09,0.0,0.09,0,0
840,2021-10-18,0.01,0.09,0.09999999999999999,0,0
841,2021-10-19,0.0,0.01,0.01,0,0
842,2021-10-20,0.0,0.0,0.0,0,0
843,2021-10-21,0.0,0.0,0.0,0,0
844,2021-10-22,0.0,0.0,0.0,0,0
845,2021-10-23,0.0,0.0,0.0,0,0
846,2021-10-24,0.0,0.0,0.0,0,0
847,2021-10-25,0.0,0.0,0.0,0,0
848,2021-10-26,0.0,0.0,0.0,0,0
849,2021-10-27,0.0,0.0,0.0,0,0
850,2021-10-28,0.0,0.0,0.0,0,0
851,2021-10-29,0.0,0.0,0.0,0,0
852,2021-10-30,0.0,0.0,0.0,0,0
853,2021-10-31,0.0,0.0,0.0,0,0
854,2021-11-01,0.0,0.0,0.0,0,0
855,2021-11-02,0.0,0.0,0.0,0,0
856,2021-11-03,0.0,0.0,0.0,0,0
857,2021-11-04,0.0,0.0,0.0,0,0
858,2021-11-05,0.0,0.0,0.0,0,0
859,2021-11-06,0.0,0.0,0.0,0,0
860,2021-11-07,0.0,0.0,0.0,0,0
861,2021-11-08,0.0,0.0,0.0,0,0
862,2021-11-09,0.0,0.0,0.0,0,0
863,2021-11-10,0.0,0.0,0.0,0,0
864,2021-11-11,0.0,0.0,0.0,0,0
865,2021-11-12,0.0,0.0,0.0,0,0
866,2021-11-13,0.0,0.0,0.0,0,0
867,2021-11-14,0.0,0.0,0.0,0,0
868,2021-11-15,0.0,0.0,0.0,0,0
869,2021-11-16,0.0,0.0,0.0,0,0
870,2021-11-17,0.0,0.0,0.0,0,0
871,2021-11-18,4.32,0.0,4.32,0,0
872,2021-11-19,2.33,4.32,6.65,0,0
873,2021-11-20,1.82,2.33,4.15,0,0
874,2021-11-21,0.0,1.82,1.82,0,0
875,2021-11-22,0.0,0.0,0.0,0,0
876,2021-11-23,0.0,0.0,0.0,0,0
877,2021-11-24,0.0,0.0,0.0,0,0
878,2021-11-25,0.0,0.0,0.0,0,0
879,2021-11-26,0.0,0.0,0.0,0,0
880,2021-11-27,0.0,0.0,0.0,0,0
881,2021-11-28,0.0,0.0,0.0,0,0
882,2021-11-29,0.0,0.0,0.0,0,0
883,2021-11-30,0.0,0.0,0.0,0,0
884,2021-12-01,5.0,0.0,5.0,0,0
885,2021-12-02,1.67,5.0,6.67,0,0
886,2021-12-03,0.12,1.67,1.79,0,0
887,2021-12-04,0.13,0.12,0.25,0,0
888,2021-12-05,0.0,0.13,0.13,0,0
889,2021-12-06,0.0,0.0,0.0,0,0
890,2021-12-07,0.0,0.0,0.0,0,0
891,2021-12-08,0.0,0.0,0.0,0,0
892,2021-12-09,0.0,0.0,0.0,0,0
893,2021-12-10,0.0,0.0,0.0,0,0
894,2021-12-11,0.0,0.0,0.0,0,0
895,2021-12-12,0.0,0.0,0.0,0,0
896,2021-12-13,0.0,0.0,0.0,0,0
897,2021-12-14,0.0,0.0,0.0,0,0
898,2021-12-15,0.0,0.0,0.0,0,0
899,2021-12-16,0.0,0.0,0.0,0,0
900,2021-12-17,0.0,0.0,0.0,0,0
901,2021-12-18,0.0,0.0,0.0,0,0
902,2021-12-19,0.0,0.0,0.0,0,0
903,2021-12-20,0.0,0.0,0.0,0,0
904,2021-12-21,0.0,0.0,0.0,0,0
905,2021-12-22,0.0,0.0,0.0,0,0
906,2021-12-23,0.0,0.0,0.0,0,0
907,2021-12-24,0.0,0.0,0.0,0,0
908,2021-12-25,0.0,0.0,0.0,0,0
909,2021-12-26,0.0,0.0,0.0,0,0
910,2021-12-27,0.0,0.0,0.0,0,0
911,2021-12-28,1.56,0.0,1.56,0,0
912,2021-12-29,0.04,1.56,1.6,0,0
913,2021-12-30,0.0,0.04,0.04,0,0
914,2021-12-31,0.0,0.0,0.0,0,0
915,2022-01-01,0.0,0.0,0.0,0,0
916,2022-01-02,0.0,0.0,0.0,0,0
917,2022-01-03,0.0,0.0,0.0,0,0
918,2022-01-04,0.0,0.0,0.0,0,0
919,2022-01-05,0.25,0.0,0.25,0,0
920,2022-01-06,1.47,0.25,1.72,0,0
921,2022-01-07,0.05,1.47,1.52,0,0
922,2022-01-08,0.0,0.05,0.05,0,0
923,2022-01-09,0.0,0.0,0.0,0,0
924,2022-01-10,0.0,0.0,0.0,0,0
925,2022-01-11,0.0,0.0,0.0,0,0
926,2022-01-12,0.0,0.0,0.0,0,0
927,2022-01-13,0.0,0.0,0.0,0,0
928,2022-01-14,0.0,0.0,0.0,0,0
929,2022-01-15,0.0,0.0,0.0,0,0
930,2022-01-16,0.0,0.0,0.0,0,0
931,2022-01-17,0.0,0.0,0.0,0,0
932,2022-01-18,0.0,0.0,0.0,0,0
933,2022-01-19,0.0,0.0,0.0,0,0
934,2022-01-20,0.0,0.0,0.0,0,0
935,2022-01-21,0.0,0.0,0.0,0,0
936,2022-01-22,0.01,0.0,0.01,0,0
937,2022-01-23,0.0,0.01,0.01,0,0
938,2022-01-24,0.0,0.0,0.0,0,0
939,2022-01-25,0.0,0.0,0.0,0,0
940,2022-01-26,0.0,0.0,0.0,0,0
941,2022-01-27,0.0,0.0,0.0,0,0
942,2022-01-28,0.0,0.0,0.0,0,0
943,2022-01-29,0.0,0.0,0.0,0,0
944,2022-01-30,0.0,0.0,0.0,0,0
945,2022-01-31,0.0,0.0,0.0,0,0
946,2022-02-01,0.0,0.0,0.0,0,0
947,2022-02-02,0.0,0.0,0.0,0,0
948,2022-02-03,0.0,0.0,0.0,0,0
949,2022-02-04,0.0,0.0,0.0,0,0
950,2022-02-05,0.0,0.0,0.0,0,0
951,2022-02-06,0.0,0.0,0.0,0,0
952,2022-02-07,0.0,0.0,0.0,0,0
953,2022-02-08,0.0,0.0,0.0,0,0
954,2022-02-09,0.0,0.0,0.0,0,0
955,2022-02-10,0.0,0.0,0.0,0,0
956,2022-02-11,0.0,0.0,0.0,0,0
957,2022-02-12,0.0,0.0,0.0,0,0
958,2022-02-13,0.0,0.0,0.0,0,0
959,2022-02-14,0.0,0.0,0.0,0,0
960,2022-02-15,0.0,0.0,0.0,0,0
961,2022-02-16,0.0,0.0,0.0,0,0
962,2022-02-17,0.0,0.0,0.0,0,0
963,2022-02-18,0.0,0.0,0.0,0,0
964,2022-02-19,0.0,0.0,0.0,0,0
965,2022-02-20,0.0,0.0,0.0,0,0
966,2022-02-21,0.0,0.0,0.0,0,0
967,2022-02-22,0.0,0.0,0.0,0,0
968,2022-02-23,0.0,0.0,0.0,0,0
969,2022-02-24,0.0,0.0,0.0,0,0
970,2022-02-25,0.0,0.0,0.0,0,0
971,2022-02-26,0.0,0.0,0.0,0,0
972,2022-02-27,0.0,0.0,0.0,0,0
973,2022-02-28,0.0,0.0,0.0,0,0
974,2022-03-01,0.0,0.0,0.0,0,0
975,2022-03-02,0.0,0.0,0.0,0,0
976,2022-03-03,0.0,0.0,0.0,0,0
977,2022-03-04,0.0,0.0,0.0,0,0
978,2022-03-05,0.0,0.0,0.0,0,0
979,2022-03-06,0.0,0.0,0.0,0,0
980,2022-03-07,0.0,0.0,0.0,0,0
981,2022-03-08,0.0,0.0,0.0,0,0
982,2022-03-09,0.06,0.0,0.06,0,0
983,2022-03-10,0.07,0.06,0.13,0,0
984,2022-03-11,0.0,0.07,0.07,0,0
985,2022-03-12,0.0,0.0,0.0,0,0
986,2022-03-13,0.0,0.0,0.0,0,0
987,2022-03-14,0.0,0.0,0.0,0,0
988,2022-03-15,0.0,0.0,0.0,0,0
989,2022-03-16,0.0,0.0,0.0,0,0
990,2022-03-17,0.0,0.0,0.0,0,0
991,2022-03-18,0.0,0.0,0.0,0,0
992,2022-03-19,0.0,0.0,0.0,0,0
993,2022-03-20,0.0,0.0,0.0,0,0
994,2022-03-21,0.0,0.0,0.0,0,0
995,2022-03-22,0.0,0.0,0.0,0,0
996,2022-03-23,0.0,0.0,0.0,0,0
997,2022-03-24,0.0,0.0,0.0,0,0
998,2022-03-25,0.0,0.0,0.0,0,0
999,2022-03-26,0.0,0.0,0.0,0,0
1000,2022-03-27,0.0,0.0,0.0,0,0
1001,2022-03-28,0.0,0.0,0.0,0,0
1002,2022-03-29,0.0,0.0,0.0,0,0
1003,2022-03-30,0.0,0.0,0.0,0,0
1004,2022-03-31,0.0,0.0,0.0,0,0
1005,2022-04-01,0.0,0.0,0.0,0,0
1006,2022-04-02,0.0,0.0,0.0,0,0
1007,2022-04-03,0.0,0.0,0.0,0,0
1008,2022-04-04,0.0,0.0,0.0,0,0
1009,2022-04-05,0.0,0.0,0.0,0,0
1010,2022-04-06,0.0,0.0,0.0,0,0
1011,2022-04-07,0.0,0.0,0.0,0,0
1012,2022-04-08,0.0,0.0,0.0,0,0
1013,2022-04-09,0.0,0.0,0.0,0,0
1014,2022-04-10,0.0,0.0,0.0,0,0
1015,2022-04-11,0.0,0.0,0.0,0,0
1016,2022-04-12,0.0,0.0,0.0,0,0
1017,2022-04-13,0.0,0.0,0.0,0,0
1018,2022-04-14,0.0,0.0,0.0,0,0
1019,2022-04-15,0.0,0.0,0.0,0,0
1020,2022-04-16,0.0,0.0,0.0,0,0
1021,2022-04-17,0.0,0.0,0.0,0,0
1022,2022-04-18,0.0,0.0,0.0,0,0
1023,2022-04-19,0.0,0.0,0.0,0,0
1024,2022-04-20,0.0,0.0,0.0,0,0
1025,2022-04-21,0.0,0.0,0.0,0,0
1026,2022-04-22,0.0,0.0,0.0,0,0
1027,2022-04-23,0.0,0.0,0.0,0,0
1028,2022-04-24,0.0,0.0,0.0,0,0
1029,2022-04-25,0.0,0.0,0.0,0,0
1030,2022-04-26,0.0,0.0,0.0,0,0
1031,2022-04-27,0.0,0.0,0.0,0,0
1032,2022-04-28,0.0,0.0,0.0,0,0
1033,2022-04-29,0.0,0.0,0.0,0,0
1034,2022-04-30,0.0,0.0,0.0,0,0
1035,2022-05-01,0.0,0.0,0.0,0,0
1036,2022-05-02,0.0,0.0,0.0,0,0
1037,2022-05-03,0.0,0.0,0.0,0,0
1038,2022-05-04,0.0,0.0,0.0,0,0
1039,2022-05-05,0.0,0.0,0.0,0,0
1040,2022-05-06,0.0,0.0,0.0,0,0
1041,2022-05-07,0.0,0.0,0.0,0,0
1042,2022-05-08,0.0,0.0,0.0,0,0
1043,2022-05-09,0.0,0.0,0.0,0,0
1044,2022-05-10,0.0,0.0,0.0,0,0
1045,2022-05-11,0.0,0.0,0.0,0,0
1046,2022-05-12,0.0,0.0,0.0,0,0
1047,2022-05-13,0.0,0.0,0.0,0,0
1048,2022-05-14,0.0,0.0,0.0,0,0
1049,2022-05-15,0.0,0.0,0.0,0,0
1050,2022-05-16,0.0,0.0,0.0,0,0
1051,2022-05-17,0.0,0.0,0.0,0,0
1052,2022-05-18,0.0,0.0,0.0,0,0
1053,2022-05-19,0.0,0.0,0.0,0,0
1054,2022-05-20,0.0,0.0,0.0,0,0
1055,2022-05-21,0.0,0.0,0.0,0,0
1056,2022-05-22,0.0,0.0,0.0,0,0
1057,2022-05-23,0.0,0.0,0.0,0,0
1058,2022-05-24,0.0,0.0,0.0,0,0
1059,2022-05-25,0.0,0.0,0.0,0,0
1060,2022-05-26,0.0,0.0,0.0,0,0
1061,2022-05-27,0.0,0.0,0.0,0,0
1062,2022-05-28,0.0,0.0,0.0,0,0
1063,2022-05-29,0.0,0.0,0.0,0,0
1064,2022-05-30,0.0,0.0,0.0,0,0
1065,2022-05-31,0.0,0.0,0.0,0,0
1066,2022-06-01,0.0,0.0,0.0,0,0
1067,2022-06-02,0.0,0.0,0.0,0,0
1068,2022-06-03,0.0,0.0,0.0,0,0
1069,2022-06-04,0.0,0.0,0.0,0,0
1070,2022-06-05,0.0,0.0,0.0,0,0
1071,2022-06-06,0.0,0.0,0.0,0,0
1072,2022-06-07,0.01,0.0,0.01,0,0
1073,2022-06-08,0.09,0.01,0.09999999999999999,0,0
1074,2022-06-09,0.0,0.09,0.09,0,0
1075,2022-06-10,0.0,0.0,0.0,0,0
1076,2022-06-11,0.08,0.0,0.08,0,0
1077,2022-06-12,2.15,0.08,2.23,0,0
1078,2022-06-13,1.08,2.15,3.23,0,0
1079,2022-06-14,0.27,1.08,1.35,0,0
1080,2022-06-15,0.24,0.27,0.51,0,0
1081,2022-06-16,0.28,0.24,0.52,0,0
1082,2022-06-17,1.3,0.28,1.58,0,0
1083,2022-06-18,0.62,1.3,1.92,0,0
1084,2022-06-19,2.97,0.62,3.5900000000000003,0,0
1085,2022-06-20,0.64,2.97,3.6100000000000003,0,0
1086,2022-06-21,0.3,0.64,0.94,0,0
1087,2022-06-22,1.77,0.3,2.07,0,0
1088,2022-06-23,8.26,1.77,10.03,0,0
1089,2022-06-24,0.08,8.26,8.34,0,0
1090,2022-06-25,0.0,0.08,0.08,0,0
1091,2022-06-26,4.94,0.0,4.94,0,0
1092,2022-06-27,0.29,4.94,5.23,0,0
1093,2022-06-28,0.4,0.29,0.69,0,0
1094,2022-06-29,0.14,0.4,0.54,0,0
1095,2022-06-30,10.99,0.14,11.13,0,0
1096,2022-07-01,15.85,10.99,26.84,0,0
1097,2022-07-02,8.7,15.85,24.549999999999997,0,0
1098,2022-07-03,9.8,8.7,18.5,0,0
1099,2022-07-04,2.78,9.8,12.58,0,0
1100,2022-07-05,4.53,2.78,7.3100000000000005,0,0
1101,2022-07-06,4.68,4.53,9.21,0,0
1102,2022-07-07,4.35,4.68,9.03,0,0
1103,2022-07-08,21.4,4.35,25.75,0,0
1104,2022-07-09,17.36,21.4,38.76,0,0
1105,2022-07-10,41.41,17.36,58.769999999999996,0,0
1106,2022-07-11,23.93,41.41,65.34,0,0
1107,2022-07-12,7.61,23.93,31.54,0,0
1108,2022-07-13,20.39,7.61,28.0,0,0
1109,2022-07-14,6.15,20.39,26.54,0,0
1110,2022-07-15,20.88,6.15,27.03,0,0
1111,2022-07-16,7.43,20.88,28.31,0,0
1112,2022-07-17,4.19,7.43,11.620000000000001,0,0
1113,2022-07-18,10.86,4.19,15.05,0,0
1114,2022-07-19,11.88,10.86,22.740000000000002,0,0
1115,2022-07-20,15.21,11.88,27.090000000000003,0,0
1116,2022-07-21,1.39,15.21,16.6,0,0
1117,2022-07-22,2.32,1.39,3.71,0,0
1118,2022-07-23,26.85,2.32,29.17,0,0
1119,2022-07-24,15.47,26.85,42.32,0,0
1120,2022-07-25,20.76,15.47,36.230000000000004,0,0
1121,2022-07-26,24.66,20.76,45.42,0,0
1122,2022-07-27,10.06,24.66,34.72,0,0
1123,2022-07-28,6.72,10.06,16.78,0,0
1124,2022-07-29,21.86,6.72,28.58,0,0
1125,2022-07-30,3.33,21.86,25.189999999999998,0,0
1126,2022-07-31,1.52,3.33,4.85,0,0
1127,2022-08-01,2.27,1.52,3.79,0,0
1128,2022-08-02,1.44,2.27,3.71,0,0
1129,2022-08-03,9.47,1.44,10.91,0,0
1130,2022-08-04,4.28,9.47,13.75,0,0
1131,2022-08-05,37.28,4.28,41.56,0,0
1132,2022-08-06,4.81,37.28,42.09,0,0
1133,2022-08-07,1.32,4.81,6.13,0,0
1134,2022-08-08,4.15,1.32,5.470000000000001,0,0
1135,2022-08-09,3.5,4.15,7.65,0,0
1136,2022-08-10,8.13,3.5,11.63,0,0
1137,2022-08-11,11.22,8.13,19.35,0,0
1138,2022-08-12,22.65,11.22,33.87,0,0
1139,2022-08-13,4.14,22.65,26.79,0,0
1140,2022-08-14,1.79,4.14,5.93,0,0
1141,2022-08-15,9.6,1.79,11.39,0,0
1142,2022-08-16,46.31,9.6,55.910000000000004,0,0
1143,2022-08-17,10.34,46.31,56.650000000000006,0,0
1144,2022-08-18,6.69,10.34,17.03,0,0
1145,2022-08-19,4.79,6.69,11.48,0,0
1146,2022-08-20,1.71,4.79,6.5,0,0
1147,2022-08-21,0.98,1.71,2.69,0,0
1148,2022-08-22,1.99,0.98,2.9699999999999998,0,0
1149,2022-08-23,22.42,1.99,24.41,0,0
1150,2022-08-24,5.97,22.42,28.39,0,0
1151,2022-08-25,3.84,5.97,9.809999999999999,0,0
1152,2022-08-26,1.87,3.84,5.71,0,0
1153,2022-08-27,0.06,1.87,1.9300000000000002,0,0
1154,2022-08-28,0.01,0.06,0.06999999999999999,0,0
1155,2022-08-29,0.0,0.01,0.01,0,0
1156,2022-08-30,1.71,0.0,1.71,0,0
1157,2022-08-31,0.33,1.71,2.04,0,0
1158,2022-09-01,1.57,0.33,1.9000000000000001,0,0
1159,2022-09-02,0.29,1.57,1.86,0,0
1160,2022-09-03,0.01,0.29,0.3,0,0
1161,2022-09-04,0.0,0.01,0.01,0,0
1162,2022-09-05,0.0,0.0,0.0,0,0
1163,2022-09-06,0.0,0.0,0.0,0,0
1164,2022-09-07,0.02,0.0,0.02,0,0
1165,2022-09-08,1.01,0.02,1.03,0,0
1166,2022-09-09,1.61,1.01,2.62,0,0
1167,2022-09-10,6.69,1.61,8.3,0,0
1168,2022-09-11,10.16,6.69,16.85,0,0
1169,2022-09-12,25.19,10.16,35.35,0,0
1170,2022-09-13,3.93,25.19,29.12,0,0
1171,2022-09-14,21.87,3.93,25.8,0,0
1172,2022-09-15,7.01,21.87,28.880000000000003,0,0
1173,2022-09-16,0.62,7.01,7.63,0,0
1174,2022-09-17,0.1,0.62,0.72,0,0
1175,2022-09-18,0.0,0.1,0.1,0,0
1176,2022-09-19,0.0,0.0,0.0,0,0
1177,2022-09-20,0.0,0.0,0.0,0,0
1178,2022-09-21,0.0,0.0,0.0,0,0
1179,2022-09-22,0.0,0.0,0.0,0,0
1180,2022-09-23,0.0,0.0,0.0,0,0
1181,2022-09-24,0.01,0.0,0.01,0,0
1182,2022-09-25,0.0,0.01,0.01,0,0
1183,2022-09-26,0.06,0.0,0.06,0,0
1184,2022-09-27,0.05,0.06,0.11,0,0
1185,2022-09-28,0.27,0.05,0.32,0,0
1186,2022-09-29,0.49,0.27,0.76,0,0
1187,2022-09-30,0.27,0.49,0.76,0,0
1188,2022-10-01,0.0,0.27,0.27,0,0
1189,2022-10-02,0.0,0.0,0.0,0,0
1190,2022-10-03,0.0,0.0,0.0,0,0
1191,2022-10-04,0.0,0.0,0.0,0,0
1192,2022-10-05,0.01,0.0,0.01,0,0
1193,2022-10-06,6.06,0.01,6.069999999999999,0,0
1194,2022-10-07,20.34,6.06,26.4,0,0
1195,2022-10-08,3.88,20.34,24.22,0,0
1196,2022-10-09,1.11,3.88,4.99,0,0
1197,2022-10-10,0.17,1.11,1.28,0,0
1198,2022-10-11,0.09,0.17,0.26,0,0
1199,2022-10-12,0.1,0.09,0.19,0,0
1200,2022-10-13,0.0,0.1,0.1,0,0
1201,2022-10-14,0.0,0.0,0.0,0,0
1202,2022-10-15,0.0,0.0,0.0,0,0
1203,2022-10-16,0.0,0.0,0.0,0,0
1204,2022-10-17,0.0,0.0,0.0,0,0
1205,2022-10-18,0.0,0.0,0.0,0,0
1206,2022-10-19,0.0,0.0,0.0,0,0
1207,2022-10-20,0.0,0.0,0.0,0,0
1208,2022-10-21,0.0,0.0,0.0,0,0
1209,2022-10-22,0.0,0.0,0.0,0,0
1210,2022-10-23,0.0,0.0,0.0,0,0
1211,2022-10-24,0.0,0.0,0.0,0,0
1212,2022-10-25,0.0,0.0,0.0,0,0
1213,2022-10-26,0.0,0.0,0.0,0,0
1214,2022-10-27,0.0,0.0,0.0,0,0
1215,2022-10-28,0.0,0.0,0.0,0,0
1216,2022-10-29,0.0,0.0,0.0,0,0
1217,2022-10-30,0.0,0.0,0.0,0,0
1218,2022-10-31,0.0,0.0,0.0,0,0
1219,2022-11-01,0.0,0.0,0.0,0,0
1220,2022-11-02,0.0,0.0,0.0,0,0
1221,2022-11-03,0.0,0.0,0.0,0,0
1222,2022-11-04,0.0,0.0,0.0,0,0
1223,2022-11-05,0.0,0.0,0.0,0,0
1224,2022-11-06,0.0,0.0,0.0,0,0
1225,2022-11-07,0.0,0.0,0.0,0,0
1226,2022-11-08,0.0,0.0,0.0,0,0
1227,2022-11-09,0.0,0.0,0.0,0,0
1228,2022-11-10,0.0,0.0,0.0,0,0
1229,2022-11-11,0.0,0.0,0.0,0,0
1230,2022-11-12,0.0,0.0,0.0,0,0
1231,2022-11-13,0.0,0.0,0.0,0,0
1232,2022-11-14,0.0,0.0,0.0,0,0
1233,2022-11-15,0.0,0.0,0.0,0,0
1234,2022-11-16,0.0,0.0,0.0,0,0
1235,2022-11-17,0.0,0.0,0.0,0,0
1236,2022-11-18,0.0,0.0,0.0,0,0
1237,2022-11-19,0.0,0.0,0.0,0,0
1238,2022-11-20,0.0,0.0,0.0,0,0
1239,2022-11-21,0.0,0.0,0.0,0,0
1240,2022-11-22,0.0,0.0,0.0,0,0
1241,2022-11-23,0.0,0.0,0.0,0,0
1242,2022-11-24,0.0,0.0,0.0,0,0
1243,2022-11-25,0.0,0.0,0.0,0,0
1244,2022-11-26,0.0,0.0,0.0,0,0
1245,2022-11-27,0.0,0.0,0.0,0,0
1246,2022-11-28,0.0,0.0,0.0,0,0
1247,2022-11-29,0.0,0.0,0.0,0,0
1248,2022-11-30,0.0,0.0,0.0,0,0
1249,2022-12-01,0.0,0.0,0.0,0,0
1250,2022-12-02,0.0,0.0,0.0,0,0
1251,2022-12-03,0.0,0.0,0.0,0,0
1252,2022-12-04,0.0,0.0,0.0,0,0
1253,2022-12-05,0.0,0.0,0.0,0,0
1254,2022-12-06,0.0,0.0,0.0,0,0
1255,2022-12-07,0.0,0.0,0.0,0,0
1256,2022-12-08,0.0,0.0,0.0,0,0
1257,2022-12-09,0.0,0.0,0.0,0,0
1258,2022-12-10,0.0,0.0,0.0,0,0
1259,2022-12-11,4.42,0.0,4.42,0,0
1260,2022-12-12,0.0,4.42,4.42,0,0
1261,2022-12-13,0.06,0.0,0.06,0,0
1262,2022-12-14,1.24,0.06,1.3,0,0
1263,2022-12-15,0.0,1.24,1.24,0,0
1264,2022-12-16,0.0,0.0,0.0,0,0
1265,2022-12-17,0.0,0.0,0.0,0,0
1266,2022-12-18,0.0,0.0,0.0,0,0
1267,2022-12-19,0.0,0.0,0.0,0,0
1268,2022-12-20,0.0,0.0,0.0,0,0
1269,2022-12-21,0.0,0.0,0.0,0,0
1270,2022-12-22,0.0,0.0,0.0,0,0
1271,2022-12-23,0.0,0.0,0.0,0,0
1272,2022-12-24,0.0,0.0,0.0,0,0
1273,2022-12-25,0.0,0.0,0.0,0,0
1274,2022-12-26,0.0,0.0,0.0,0,0
1275,2022-12-27,0.0,0.0,0.0,0,0
1276,2022-12-28,0.0,0.0,0.0,0,0
1277,2022-12-29,0.0,0.0,0.0,0,0
1278,2022-12-30,0.0,0.0,0.0,0,0
1279,2022-12-31,0.0,0.0,0.0,0,0
1280,2023-01-01,0.0,0.0,0.0,0,0
1281,2023-01-02,0.0,0.0,0.0,0,0
1282,2023-01-03,0.0,0.0,0.0,0,0
1283,2023-01-04,0.0,0.0,0.0,0,0
1284,2023-01-05,0.0,0.0,0.0,0,0
1285,2023-01-06,0.0,0.0,0.0,0,0
1286,2023-01-07,0.0,0.0,0.0,0,0
1287,2023-01-08,0.0,0.0,0.0,0,0
1288,2023-01-09,0.0,0.0,0.0,0,0
1289,2023-01-10,0.0,0.0,0.0,0,0
1290,2023-01-11,0.0,0.0,0.0,0,0
1291,2023-01-12,0.0,0.0,0.0,0,0
1292,2023-01-13,0.0,0.0,0.0,0,0
1293,2023-01-14,0.0,0.0,0.0,0,0
1294,2023-01-15,0.0,0.0,0.0,0,0
1295,2023-01-16,0.0,0.0,0.0,0,0
1296,2023-01-17,0.0,0.0,0.0,0,0
1297,2023-01-18,0.0,0.0,0.0,0,0
1298,2023-01-19,0.0,0.0,0.0,0,0
1299,2023-01-20,0.0,0.0,0.0,0,0
1300,2023-01-21,0.0,0.0,0.0,0,0
1301,2023-01-22,0.0,0.0,0.0,0,0
1302,2023-01-23,0.0,0.0,0.0,0,0
1303,2023-01-24,0.0,0.0,0.0,0,0
1304,2023-01-25,0.0,0.0,0.0,0,0
1305,2023-01-26,0.0,0.0,0.0,0,0
1306,2023-01-27,0.0,0.0,0.0,0,0
1307,2023-01-28,1.58,0.0,1.58,0,0
1308,2023-01-29,1.35,1.58,2.93,0,0
1309,2023-01-30,0.0,1.35,1.35,0,0
1310,2023-01-31,0.0,0.0,0.0,0,0
1311,2023-02-01,0.0,0.0,0.0,0,0
1312,2023-02-02,0.0,0.0,0.0,0,0
1313,2023-02-03,0.0,0.0,0.0,0,0
1314,2023-02-04,0.0,0.0,0.0,0,0
1315,2023-02-05,0.0,0.0,0.0,0,0
1316,2023-02-06,0.0,0.0,0.0,0,0
1317,2023-02-07,0.0,0.0,0.0,0,0
1318,2023-02-08,0.0,0.0,0.0,0,0
1319,2023-02-09,0.0,0.0,0.0,0,0
1320,2023-02-10,0.0,0.0,0.0,0,0
1321,2023-02-11,0.0,0.0,0.0,0,0
1322,2023-02-12,0.0,0.0,0.0,0,0
1323,2023-02-13,0.0,0.0,0.0,0,0
1324,2023-02-14,0.0,0.0,0.0,0,0
1325,2023-02-15,0.0,0.0,0.0,0,0
1326,2023-02-16,0.0,0.0,0.0,0,0
1327,2023-02-17,0.0,0.0,0.0,0,0
1328,2023-02-18,0.0,0.0,0.0,0,0
1329,2023-02-19,0.0,0.0,0.0,0,0
1330,2023-02-20,0.0,0.0,0.0,0,0
1331,2023-02-21,0.0,0.0,0.0,0,0
1332,2023-02-22,0.0,0.0,0.0,0,0
1333,2023-02-23,0.0,0.0,0.0,0,0
1334,2023-02-24,0.0,0.0,0.0,0,0
1335,2023-02-25,0.0,0.0,0.0,0,0
1336,2023-02-26,0.0,0.0,0.0,0,0
1337,2023-02-27,0.0,0.0,0.0,0,0
1338,2023-02-28,0.0,0.0,0.0,0,0
1339,2023-03-01,0.0,0.0,0.0,0,0
1340,2023-03-02,0.0,0.0,0.0,0,0
1341,2023-03-03,0.0,0.0,0.0,0,0
1342,2023-03-04,0.0,0.0,0.0,0,0
1343,2023-03-05,0.08,0.0,0.08,0,0
1344,2023-03-06,1.47,0.08,1.55,0,0
1345,2023-03-07,0.86,1.47,2.33,0,0
1346,2023-03-08,0.01,0.86,0.87,0,0
1347,2023-03-09,0.45,0.01,0.46,0,0
1348,2023-03-10,0.0,0.45,0.45,0,0
1349,2023-03-11,0.0,0.0,0.0,0,0
1350,2023-03-12,0.0,0.0,0.0,0,0
1351,2023-03-13,0.0,0.0,0.0,0,0
1352,2023-03-14,0.03,0.0,0.03,0,0
1353,2023-03-15,0.15,0.03,0.18,0,0
1354,2023-03-16,0.13,0.15,0.28,0,0
1355,2023-03-17,1.35,0.13,1.48,0,0
1356,2023-03-18,1.42,1.35,2.77,0,0
1357,2023-03-19,5.61,1.42,7.03,0,0
1358,2023-03-20,1.48,5.61,7.09,0,0
1359,2023-03-21,0.35,1.48,1.83,0,0
1360,2023-03-22,0.49,0.35,0.84,0,0
1361,2023-03-23,0.24,0.49,0.73,0,0
1362,2023-03-24,1.6,0.24,1.84,0,0
1363,2023-03-25,0.0,1.6,1.6,0,0
1364,2023-03-26,0.0,0.0,0.0,0,0
1365,2023-03-27,0.0,0.0,0.0,0,0
1366,2023-03-28,0.0,0.0,0.0,0,0
1367,2023-03-29,0.0,0.0,0.0,0,0
1368,2023-03-30,0.96,0.0,0.96,0,0
1369,2023-03-31,0.01,0.96,0.97,0,0
1370,2023-04-01,0.0,0.01,0.01,0,0
1371,2023-04-02,0.0,0.0,0.0,0,0
1372,2023-04-03,0.0,0.0,0.0,0,0
1373,2023-04-04,0.0,0.0,0.0,0,0
1374,2023-04-05,0.0,0.0,0.0,0,0
1375,2023-04-06,0.0,0.0,0.0,0,0
1376,2023-04-07,0.0,0.0,0.0,0,0
1377,2023-04-08,0.0,0.0,0.0,0,0
1378,2023-04-09,0.0,0.0,0.0,0,0
1379,2023-04-10,0.0,0.0,0.0,0,0
1380,2023-04-11,0.0,0.0,0.0,0,0
1381,2023-04-12,0.0,0.0,0.0,0,0
1382,2023-04-13,0.0,0.0,0.0,0,0
1383,2023-04-14,0.0,0.0,0.0,0,0
1384,2023-04-15,0.0,0.0,0.0,0,0
1385,2023-04-16,0.0,0.0,0.0,0,0
1386,2023-04-17,0.0,0.0,0.0,0,0
1387,2023-04-18,0.0,0.0,0.0,0,0
1388,2023-04-19,0.02,0.0,0.02,0,0
1389,2023-04-20,0.0,0.02,0.02,0,0
1390,2023-04-21,0.0,0.0,0.0,0,0
1391,2023-04-22,0.0,0.0,0.0,0,0
1392,2023-04-23,0.0,0.0,0.0,0,0
1393,2023-04-24,0.0,0.0,0.0,0,0
1394,2023-04-25,0.0,0.0,0.0,0,0
1395,2023-04-26,0.0,0.0,0.0,0,0
1396,2023-04-27,0.1,0.0,0.1,0,0
1397,2023-04-28,2.21,0.1,2.31,0,0
1398,2023-04-29,1.79,2.21,4.0,0,0
1399,2023-04-30,2.79,1.79,4.58,0,0
1400,2023-05-01,0.03,2.79,2.82,0,0
1401,2023-05-02,1.02,0.03,1.05,0,0
1402,2023-05-03,0.11,1.02,1.1300000000000001,0,0
1403,2023-05-04,0.03,0.11,0.14,0,0
1404,2023-05-05,0.01,0.03,0.04,0,0
1405,2023-05-06,0.01,0.01,0.02,0,0
1406,2023-05-07,0.0,0.01,0.01,0,0
1407,2023-05-08,0.0,0.0,0.0,0,0
1408,2023-05-09,0.0,0.0,0.0,0,0
1409,2023-05-10,0.0,0.0,0.0,0,0
1410,2023-05-11,0.0,0.0,0.0,0,0
1411,2023-05-12,0.0,0.0,0.0,0,0
1412,2023-05-13,0.0,0.0,0.0,0,0
1413,2023-05-14,0.0,0.0,0.0,0,0
1414,2023-05-15,0.0,0.0,0.0,0,0
1415,2023-05-16,0.62,0.0,0.62,0,0
1416,2023-05-17,0.67,0.62,1.29,0,0
1417,2023-05-18,0.0,0.67,0.67,0,0
1418,2023-05-19,0.0,0.0,0.0,0,0
1419,2023-05-20,0.0,0.0,0.0,0,0
1420,2023-05-21,0.0,0.0,0.0,0,0
1421,2023-05-22,0.0,0.0,0.0,0,0
1422,2023-05-23,0.0,0.0,0.0,0,0
1423,2023-05-24,0.0,0.0,0.0,0,0
1424,2023-05-25,0.04,0.0,0.04,0,0
1425,2023-05-26,0.43,0.04,0.47,0,0
1426,2023-05-27,1.13,0.43,1.5599999999999998,0,0
1427,2023-05-28,9.85,1.13,10.98,0,0
1428,2023-05-29,9.97,9.85,19.82,0,0
1429,2023-05-30,0.07,9.97,10.040000000000001,0,0
1430,2023-05-31,0.02,0.07,0.09000000000000001,0,0
1431,2023-06-01,0.0,0.02,0.02,0,0
1432,2023-06-02,1.16,0.0,1.16,0,0
1433,2023-06-03,7.02,1.16,8.18,0,0
1434,2023-06-04,4.02,7.02,11.04,0,0
1435,2023-06-05,5.35,4.02,9.37,0,0
1436,2023-06-06,0.03,5.35,5.38,0,0
1437,2023-06-07,0.1,0.03,0.13,0,0
1438,2023-06-08,0.05,0.1,0.15000000000000002,0,0
1439,2023-06-09,0.0,0.05,0.05,0,0
1440,2023-06-10,0.0,0.0,0.0,0,0
1441,2023-06-11,0.0,0.0,0.0,0,0
1442,2023-06-12,0.08,0.0,0.08,0,0
1443,2023-06-13,0.17,0.08,0.25,0,0
1444,2023-06-14,0.71,0.17,0.88,0,0
1445,2023-06-15,5.74,0.71,6.45,0,0
1446,2023-06-16,17.03,5.74,22.770000000000003,0,0
1447,2023-06-17,24.7,17.03,41.730000000000004,0,0
1448,2023-06-18,6.66,24.7,31.36,0,0
1449,2023-06-19,0.14,6.66,6.8,0,0
1450,2023-06-20,0.01,0.14,0.15000000000000002,0,0
1451,2023-06-21,0.0,0.01,0.01,0,0
1452,2023-06-22,0.0,0.0,0.0,0,0
1453,2023-06-23,2.73,0.0,2.73,0,0
1454,2023-06-24,7.18,2.73,9.91,0,0
1455,2023-06-25,6.49,7.18,13.67,0,0
1456,2023-06-26,17.47,6.49,23.96,0,0
1457,2023-06-27,2.73,17.47,20.2,0,0
1458,2023-06-28,27.67,2.73,30.400000000000002,0,0
1459,2023-06-29,27.67,27.67,55.34,0,0
1460,2023-06-30,16.52,27.67,44.19,0,0
1461,2023-07-01,26.25,16.52,42.769999999999996,0,0
1462,2023-07-02,0.75,26.25,27.0,0,0
1463,2023-07-03,0.26,0.75,1.01,0,0
1464,2023-07-04,0.25,0.26,0.51,0,0
1465,2023-07-05,25.68,0.25,25.93,0,0
1466,2023-07-06,13.76,25.68,39.44,0,0
1467,2023-07-07,15.92,13.76,29.68,0,0
1468,2023-07-08,18.99,15.92,34.91,0,0
1469,2023-07-09,53.99,18.99,72.98,0,0
1470,2023-07-10,17.34,53.99,71.33,0,0
1471,2023-07-11,2.43,17.34,19.77,0,0
1472,2023-07-12,1.59,2.43,4.0200000000000005,0,0
1473,2023-07-13,1.04,1.59,2.63,0,0
1474,2023-07-14,1.71,1.04,2.75,0,0
1475,2023-07-15,5.09,1.71,6.8,0,0
1476,2023-07-16,2.06,5.09,7.15,0,0
1477,2023-07-17,1.21,2.06,3.27,0,0
1478,2023-07-18,3.12,1.21,4.33,0,0
1479,2023-07-19,32.32,3.12,35.44,0,0
1480,2023-07-20,16.56,32.32,48.879999999999995,0,0
1481,2023-07-21,7.98,16.56,24.54,0,0
1482,2023-07-22,48.93,7.98,56.91,0,0
1483,2023-07-23,31.74,48.93,80.67,0,0
1484,2023-07-24,17.34,31.74,49.08,0,0
1485,2023-07-25,3.71,17.34,21.05,0,0
1486,2023-07-26,0.44,3.71,4.15,0,0
1487,2023-07-27,12.06,0.44,12.5,0,0
1488,2023-07-28,7.52,12.06,19.58,0,0
1489,2023-07-29,9.92,7.52,17.439999999999998,0,0
1490,2023-07-30,7.02,9.92,16.939999999999998,0,0
1491,2023-07-31,4.04,7.02,11.059999999999999,0,0
1492,2023-08-01,4.35,4.04,8.39,0,0
1493,2023-08-02,0.71,4.35,5.06,0,0
1494,2023-08-03,0.02,0.71,0.73,0,0
1495,2023-08-04,1.63,0.02,1.65,0,0
1496,2023-08-05,0.57,1.63,2.1999999999999997,0,0
1497,2023-08-06,0.06,0.57,0.6299999999999999,0,0
1498,2023-08-07,0.01,0.06,0.06999999999999999,0,0
1499,2023-08-08,0.02,0.01,0.03,0,0
1500,2023-08-09,0.07,0.02,0.09000000000000001,0,0
1501,2023-08-10,0.1,0.07,0.17,0,0
1502,2023-08-11,1.12,0.1,1.2200000000000002,0,0
1503,2023-08-12,3.65,1.12,4.77,0,0
1504,2023-08-13,0.66,3.65,4.31,0,0
1505,2023-08-14,0.0,0.66,0.66,0,0
1506,2023-08-15,6.3,0.0,6.3,0,0
1507,2023-08-16,3.57,6.3,9.87,0,0
1508,2023-08-17,0.0,3.57,3.57,0,0
1509,2023-08-18,0.0,0.0,0.0,0,0
1510,2023-08-19,0.04,0.0,0.04,0,0
1511,2023-08-20,8.92,0.04,8.959999999999999,0,0
1512,2023-08-21,1.22,8.92,10.14,0,0
1513,2023-08-22,0.49,1.22,1.71,0,0
1514,2023-08-23,0.09,0.49,0.58,0,0
1515,2023-08-24,0.01,0.09,0.09999999999999999,0,0
1516,2023-08-25,0.0,0.01,0.01,0,0
1517,2023-08-26,0.07,0.0,0.07,0,0
1518,2023-08-27,0.01,0.07,0.08,0,0
1519,2023-08-28,0.0,0.01,0.01,0,0
1520,2023-08-29,0.0,0.0,0.0,0,0
1521,2023-08-30,0.0,0.0,0.0,0,0
1522,2023-08-31,0.0,0.0,0.0,0,0
1523,2023-09-01,0.0,0.0,0.0,0,0
1524,2023-09-02,0.0,0.0,0.0,0,0
1525,2023-09-03,0.0,0.0,0.0,0,0
1526,2023-09-04,0.0,0.0,0.0,0,0
1527,2023-09-05,0.0,0.0,0.0,0,0
1528,2023-09-06,0.89,0.0,0.89,0,0
1529,2023-09-07,7.03,0.89,7.92,0,0
1530,2023-09-08,10.09,7.03,17.12,0,0
1531,2023-09-09,4.11,10.09,14.2,0,0
1532,2023-09-10,2.51,4.11,6.62,0,0
1533,2023-09-11,7.43,2.51,9.94,0,0
1534,2023-09-12,0.0,7.43,7.43,0,0
1535,2023-09-13,0.0,0.0,0.0,0,0
1536,2023-09-14,0.19,0.0,0.19,0,0
1537,2023-09-15,4.13,0.19,4.32,0,0
1538,2023-09-16,18.65,4.13,22.779999999999998,0,0
1539,2023-09-17,68.7,18.65,87.35,1,1
1540,2023-09-18,69.68,68.7,138.38,1,1
1541,2023-09-19,16.81,69.68,86.49000000000001,0,0
1542,2023-09-20,1.69,16.81,18.5,0,0
1543,2023-09-21,1.2,1.69,2.8899999999999997,0,0
1544,2023-09-22,0.56,1.2,1.76,0,0
1545,2023-09-23,3.39,0.56,3.95,0,0
1546,2023-09-24,4.42,3.39,7.8100000000000005,0,0
1547,2023-09-25,1.28,4.42,5.7,0,0
1548,2023-09-26,1.96,1.28,3.24,0,0
1549,2023-09-27,1.54,1.96,3.5,0,0
1550,2023-09-28,0.63,1.54,2.17,0,0
1551,2023-09-29,0.04,0.63,0.67,0,0
1552,2023-09-30,0.0,0.04,0.04,0,0
1553,2023-10-01,0.0,0.0,0.0,0,0
1554,2023-10-02,0.0,0.0,0.0,0,0
1555,2023-10-03,0.0,0.0,0.0,0,0
1556,2023-10-04,0.0,0.0,0.0,0,0
1557,2023-10-05,0.0,0.0,0.0,0,0
1558,2023-10-06,0.0,0.0,0.0,0,0
1559,2023-10-07,0.0,0.0,0.0,0,0
1560,2023-10-08,0.0,0.0,0.0,0,0
1561,2023-10-09,0.0,0.0,0.0,0,0
1562,2023-10-10,0.0,0.0,0.0,0,0
1563,2023-10-11,0.0,0.0,0.0,0,0
1564,2023-10-12,0.0,0.0,0.0,0,0
1565,2023-10-13,0.0,0.0,0.0,0,0
1566,2023-10-14,0.1,0.0,0.1,0,0
1567,2023-10-15,0.24,0.1,0.33999999999999997,0,0
1568,2023-10-16,0.0,0.24,0.24,0,0
1569,2023-10-17,0.0,0.0,0.0,0,0
1570,2023-10-18,0.0,0.0,0.0,0,0
1571,2023-10-19,0.0,0.0,0.0,0,0
1572,2023-10-20,0.0,0.0,0.0,0,0
1573,2023-10-21,0.0,0.0,0.0,0,0
1574,2023-10-22,0.0,0.0,0.0,0,0
1575,2023-10-23,0.0,0.0,0.0,0,0
1576,2023-10-24,0.0,0.0,0.0,0,0
1577,2023-10-25,0.0,0.0,0.0,0,0
1578,2023-10-26,0.0,0.0,0.0,0,0
1579,2023-10-27,0.0,0.0,0.0,0,0
1580,2023-10-28,0.0,0.0,0.0,0,0
1581,2023-10-29,0.0,0.0,0.0,0,0
1582,2023-10-30,0.0,0.0,0.0,0,0
1583,2023-10-31,0.0,0.0,0.0,0,0
1584,2023-11-01,0.0,0.0,0.0,0,0
1585,2023-11-02,0.0,0.0,0.0,0,0
1586,2023-11-03,0.0,0.0,0.0,0,0
1587,2023-11-04,0.0,0.0,0.0,0,0
1588,2023-11-05,0.0,0.0,0.0,0,0
1589,2023-11-06,0.0,0.0,0.0,0,0
1590,2023-11-07,0.0,0.0,0.0,0,0
1591,2023-11-08,0.0,0.0,0.0,0,0
1592,2023-11-09,0.0,0.0,0.0,0,0
1593,2023-11-10,0.0,0.0,0.0,0,0
1594,2023-11-11,0.0,0.0,0.0,0,0
1595,2023-11-12,0.0,0.0,0.0,0,0
1596,2023-11-13,0.0,0.0,0.0,0,0
1597,2023-11-14,0.0,0.0,0.0,0,0
1598,2023-11-15,0.0,0.0,0.0,0,0
1599,2023-11-16,0.0,0.0,0.0,0,0
1600,2023-11-17,0.0,0.0,0.0,0,0
1601,2023-11-18,0.0,0.0,0.0,0,0
1602,2023-11-19,0.0,0.0,0.0,0,0
1603,2023-11-20,0.0,0.0,0.0,0,0
1604,2023-11-21,0.0,0.0,0.0,0,0
1605,2023-11-22,0.0,0.0,0.0,0,0
1606,2023-11-23,0.0,0.0,0.0,0,0
1607,2023-11-24,0.0,0.0,0.0,0,0
1608,2023-11-25,0.0,0.0,0.0,0,0
1609,2023-11-26,31.96,0.0,31.96,0,0
1610,2023-11-27,0.05,31.96,32.01,0,0
1611,2023-11-28,0.0,0.05,0.05,0,0
1612,2023-11-29,0.0,0.0,0.0,0,0
1613,2023-11-30,0.0,0.0,0.0,0,0
1614,2023-12-01,0.0,0.0,0.0,0,0
1615,2023-12-02,0.11,0.0,0.11,0,0
1616,2023-12-03,2.19,0.11,2.3,0,0
1617,2023-12-04,0.33,2.19,2.52,0,0
1618,2023-12-05,0.0,0.33,0.33,0,0
1619,2023-12-06,0.0,0.0,0.0,0,0
1620,2023-12-07,0.0,0.0,0.0,0,0
1621,2023-12-08,0.0,0.0,0.0,0,0
1622,2023-12-09,0.0,0.0,0.0,0,0
1623,2023-12-10,0.0,0.0,0.0,0,0
1624,2023-12-11,0.0,0.0,0.0,0,0
1625,2023-12-12,0.0,0.0,0.0,0,0
1626,2023-12-13,0.0,0.0,0.0,0,0
1627,2023-12-14,0.0,0.0,0.0,0,0
1628,2023-12-15,0.0,0.0,0.0,0,0
1629,2023-12-16,0.0,0.0,0.0,0,0
1630,2023-12-17,0.0,0.0,0.0,0,0
1631,2023-12-18,0.0,0.0,0.0,0,0
1632,2023-12-19,0.0,0.0,0.0,0,0
1633,2023-12-20,0.0,0.0,0.0,0,0
1634,2023-12-21,0.0,0.0,0.0,0,0
1635,2023-12-22,0.0,0.0,0.0,0,0
1636,2023-12-23,0.0,0.0,0.0,0,0
1637,2023-12-24,0.0,0.0,0.0,0,0
1638,2023-12-25,0.0,0.0,0.0,0,0
1639,2023-12-26,0.0,0.0,0.0,0,0
1640,2023-12-27,0.0,0.0,0.0,0,0
1641,2023-12-28,0.0,0.0,0.0,0,0
1642,2023-12-29,0.0,0.0,0.0,0,0
1643,2023-12-30,0.0,0.0,0.0,0,0
1644,2023-12-31,0.0,0.0,0.0,0,0
1645,2024-01-01,0.0,0.0,0.0,0,0
1646,2024-01-02,0.0,0.0,0.0,0,0
1647,2024-01-03,0.0,0.0,0.0,0,0
1648,2024-01-04,0.0,0.0,0.0,0,0
1649,2024-01-05,0.0,0.0,0.0,0,0
1650,2024-01-06,0.0,0.0,0.0,0,0
1651,2024-01-07,0.0,0.0,0.0,0,0
1652,2024-01-08,0.0,0.0,0.0,0,0
1653,2024-01-09,0.13,0.0,0.13,0,0
1654,2024-01-10,0.27,0.13,0.4,0,0
1655,2024-01-11,0.0,0.27,0.27,0,0
1656,2024-01-12,0.0,0.0,0.0,0,0
1657,2024-01-13,0.0,0.0,0.0,0,0
1658,2024-01-14,0.0,0.0,0.0,0,0
1659,2024-01-15,0.0,0.0,0.0,0,0
1660,2024-01-16,0.0,0.0,0.0,0,0
1661,2024-01-17,0.0,0.0,0.0,0,0
1662,2024-01-18,0.0,0.0,0.0,0,0
1663,2024-01-19,0.0,0.0,0.0,0,0
1664,2024-01-20,0.0,0.0,0.0,0,0
1665,2024-01-21,0.0,0.0,0.0,0,0
1666,2024-01-22,0.0,0.0,0.0,0,0
1667,2024-01-23,0.0,0.0,0.0,0,0
1668,2024-01-24,0.0,0.0,0.0,0,0
1669,2024-01-25,0.0,0.0,0.0,0,0
1670,2024-01-26,0.0,0.0,0.0,0,0
1671,2024-01-27,0.0,0.0,0.0,0,0
1672,2024-01-28,0.0,0.0,0.0,0,0
1673,2024-01-29,0.0,0.0,0.0,0,0
1674,2024-01-30,0.0,0.0,0.0,0,0
1675,2024-01-31,0.0,0.0,0.0,0,0
1676,2024-02-01,0.0,0.0,0.0,0,0
1677,2024-02-02,0.0,0.0,0.0,0,0
1678,2024-02-03,0.0,0.0,0.0,0,0
1679,2024-02-04,0.0,0.0,0.0,0,0
1680,2024-02-05,0.0,0.0,0.0,0,0
1681,2024-02-06,0.0,0.0,0.0,0,0
1682,2024-02-07,0.0,0.0,0.0,0,0
1683,2024-02-08,0.0,0.0,0.0,0,0
1684,2024-02-09,0.0,0.0,0.0,0,0
1685,2024-02-10,0.0,0.0,0.0,0,0
1686,2024-02-11,0.0,0.0,0.0,0,0
1687,2024-02-12,0.0,0.0,0.0,0,0
1688,2024-02-13,0.0,0.0,0.0,0,0
1689,2024-02-14,0.0,0.0,0.0,0,0
1690,2024-02-15,0.0,0.0,0.0,0,0
1691,2024-02-16,0.0,0.0,0.0,0,0
1692,2024-02-17,0.0,0.0,0.0,0,0
1693,2024-02-18,0.0,0.0,0.0,0,0
1694,2024-02-19,0.0,0.0,0.0,0,0
1695,2024-02-20,0.0,0.0,0.0,0,0
1696,2024-02-21,0.0,0.0,0.0,0,0
1697,2024-02-22,0.0,0.0,0.0,0,0
1698,2024-02-23,0.0,0.0,0.0,0,0
1699,2024-02-24,0.0,0.0,0.0,0,0
1700,2024-02-25,0.0,0.0,0.0,0,0
1701,2024-02-26,0.0,0.0,0.0,0,0
1702,2024-02-27,0.0,0.0,0.0,0,0
1703,2024-02-28,0.0,0.0,0.0,0,0
1704,2024-02-29,0.0,0.0,0.0,0,0
1705,2024-03-01,0.0,0.0,0.0,0,0
1706,2024-03-02,3.2,0.0,3.2,0,0
1707,2024-03-03,0.0,3.2,3.2,0,0
1708,2024-03-04,0.0,0.0,0.0,0,0
1709,2024-03-05,0.0,0.0,0.0,0,0
1710,2024-03-06,0.0,0.0,0.0,0,0
1711,2024-03-07,0.0,0.0,0.0,0,0
1712,2024-03-08,0.0,0.0,0.0,0,0
1713,2024-03-09,0.0,0.0,0.0,0,0
1714,2024-03-10,0.0,0.0,0.0,0,0
1715,2024-03-11,0.0,0.0,0.0,0,0
1716,2024-03-12,0.0,0.0,0.0,0,0
1717,2024-03-13,0.0,0.0,0.0,0,0
1718,2024-03-14,0.0,0.0,0.0,0,0
1719,2024-03-15,0.0,0.0,0.0,0,0
1720,2024-03-16,0.0,0.0,0.0,0,0
1721,2024-03-17,0.0,0.0,0.0,0,0
1722,2024-03-18,0.0,0.0,0.0,0,0
1723,2024-03-19,0.0,0.0,0.0,0,0
1724,2024-03-20,0.0,0.0,0.0,0,0
1725,2024-03-21,0.0,0.0,0.0,0,0
1726,2024-03-22,0.0,0.0,0.0,0,0
1727,2024-03-23,0.0,0.0,0.0,0,0
1728,2024-03-24,0.0,0.0,0.0,0,0
1729,2024-03-25,0.0,0.0,0.0,0,0
1730,2024-03-26,0.0,0.0,0.0,0,0
1731,2024-03-27,0.0,0.0,0.0,0,0
1732,2024-03-28,0.0,0.0,0.0,0,0
1733,2024-03-29,0.0,0.0,0.0,0,0
1734,2024-03-30,0.0,0.0,0.0,0,0
1735,2024-03-31,0.0,0.0,0.0,0,0
1736,2024-04-01,0.0,0.0,0.0,0,0
1737,2024-04-02,0.0,0.0,0.0,0,0
1738,2024-04-03,0.0,0.0,0.0,0,0
1739,2024-04-04,0.0,0.0,0.0,0,0
1740,2024-04-05,0.0,0.0,0.0,0,0
1741,2024-04-06,0.0,0.0,0.0,0,0
1742,2024-04-07,0.0,0.0,0.0,0,0
1743,2024-04-08,0.0,0.0,0.0,0,0
1744,2024-04-09,0.0,0.0,0.0,0,0
1745,2024-04-10,0.0,0.0,0.0,0,0
1746,2024-04-11,0.01,0.0,0.01,0,0
1747,2024-04-12,0.0,0.01,0.01,0,0
1748,2024-04-13,0.0,0.0,0.0,0,0
1749,2024-04-14,0.0,0.0,0.0,0,0
1750,2024-04-15,0.0,0.0,0.0,0,0
1751,2024-04-16,0.0,0.0,0.0,0,0
1752,2024-04-17,0.0,0.0,0.0,0,0
1753,2024-04-18,0.0,0.0,0.0,0,0
1754,2024-04-19,0.0,0.0,0.0,0,0
1755,2024-04-20,0.0,0.0,0.0,0,0
1756,2024-04-21,0.0,0.0,0.0,0,0
1757,2024-04-22,0.0,0.0,0.0,0,0
1758,2024-04-23,0.0,0.0,0.0,0,0
1759,2024-04-24,0.0,0.0,0.0,0,0
1760,2024-04-25,0.0,0.0,0.0,0,0
1761,2024-04-26,0.0,0.0,0.0,0,0
1762,2024-04-27,0.01,0.0,0.01,0,0
1763,2024-04-28,0.0,0.01,0.01,0,0
1764,2024-04-29,0.0,0.0,0.0,0,0
1765,2024-04-30,0.0,0.0,0.0,0,0
1766,2024-05-01,0.0,0.0,0.0,0,0
1767,2024-05-02,0.0,0.0,0.0,0,0
1768,2024-05-03,0.0,0.0,0.0,0,0
1769,2024-05-04,0.0,0.0,0.0,0,0
1770,2024-05-05,0.0,0.0,0.0,0,0
1771,2024-05-06,0.0,0.0,0.0,0,0
1772,2024-05-07,0.0,0.0,0.0,0,0
1773,2024-05-08,0.0,0.0,0.0,0,0
1774,2024-05-09,0.0,0.0,0.0,0,0
1775,2024-05-10,0.0,0.0,0.0,0,0
1776,2024-05-11,0.04,0.0,0.04,0,0
1777,2024-05-12,0.02,0.04,0.06,0,0
1778,2024-05-13,0.66,0.02,0.68,0,0
1779,2024-05-14,5.11,0.66,5.7700000000000005,0,0
1780,2024-05-15,0.0,5.11,5.11,0,0
1781,2024-05-16,0.35,0.0,0.35,0,0
1782,2024-05-17,0.0,0.35,0.35,0,0
1783,2024-05-18,0.02,0.0,0.02,0,0
1784,2024-05-19,0.0,0.02,0.02,0,0
1785,2024-05-20,0.0,0.0,0.0,0,0
1786,2024-05-21,0.0,0.0,0.0,0,0
1787,2024-05-22,0.0,0.0,0.0,0,0
1788,2024-05-23,0.0,0.0,0.0,0,0
1789,2024-05-24,0.0,0.0,0.0,0,0
1790,2024-05-25,0.0,0.0,0.0,0,0
1791,2024-05-26,0.0,0.0,0.0,0,0
1792,2024-05-27,0.0,0.0,0.0,0,0
1793,2024-05-28,0.0,0.0,0.0,0,0
1794,2024-05-29,0.0,0.0,0.0,0,0
1795,2024-05-30,0.0,0.0,0.0,0,0
1796,2024-05-31,0.0,0.0,0.0,0,0
1797,2024-06-01,0.0,0.0,0.0,0,0
1798,2024-06-02,0.0,0.0,0.0,0,0
1799,2024-06-03,0.0,0.0,0.0,0,0
1800,2024-06-04,0.0,0.0,0.0,0,0
1801,2024-06-05,0.0,0.0,0.0,0,0
1802,2024-06-06,0.0,0.0,0.0,0,0
1803,2024-06-07,0.02,0.0,0.02,0,0
1804,2024-06-08,0.23,0.02,0.25,0,0
1805,2024-06-09,0.6,0.23,0.83,0,0
1806,2024-06-10,2.01,0.6,2.61,0,0
1807,2024-06-11,7.97,2.01,9.98,0,0
1808,2024-06-12,0.0,7.97,7.97,0,0
1809,2024-06-13,0.49,0.0,0.49,0,0
1810,2024-06-14,0.34,0.49,0.8300000000000001,0,0
1811,2024-06-15,2.3,0.34,2.6399999999999997,0,0
1812,2024-06-16,0.43,2.3,2.73,0,0
1813,2024-06-17,0.04,0.43,0.47,0,0
1814,2024-06-18,0.04,0.04,0.08,0,0
1815,2024-06-19,0.05,0.04,0.09,0,0
1816,2024-06-20,0.27,0.05,0.32,0,0
1817,2024-06-21,0.05,0.27,0.32,0,0
1818,2024-06-22,0.44,0.05,0.49,0,0
1819,2024-06-23,1.82,0.44,2.2600000000000002,0,0
1820,2024-06-24,22.58,1.82,24.4,0,0
1821,2024-06-25,18.2,22.58,40.78,0,0
1822,2024-06-26,2.5,18.2,20.7,0,0
1823,2024-06-27,3.04,2.5,5.54,0,0
1824,2024-06-28,3.67,3.04,6.71,0,0
1825,2024-06-29,7.56,3.67,11.23,0,0
1826,2024-06-30,18.9,7.56,26.459999999999997,0,0
1827,2024-07-01,17.71,18.9,36.61,0,0
1828,2024-07-02,9.23,17.71,26.94,0,0
1829,2024-07-03,1.64,9.23,10.870000000000001,0,0
1830,2024-07-04,6.15,1.64,7.79,0,0
1831,2024-07-05,7.47,6.15,13.620000000000001,0,0
1832,2024-07-06,1.15,7.47,8.62,0,0
1833,2024-07-07,0.26,1.15,1.41,0,0
1834,2024-07-08,0.61,0.26,0.87,0,0
1835,2024-07-09,7.83,0.61,8.44,0,0
1836,2024-07-10,1.38,7.83,9.21,0,0
1837,2024-07-11,1.27,1.38,2.65,0,0
1838,2024-07-12,3.18,1.27,4.45,0,0
1839,2024-07-13,1.07,3.18,4.25,0,0
1840,2024-07-14,1.46,1.07,2.5300000000000002,0,0
1841,2024-07-15,33.74,1.46,35.2,0,0
1842,2024-07-16,11.55,33.74,45.290000000000006,0,0
1843,2024-07-17,2.56,11.55,14.110000000000001,0,0
1844,2024-07-18,0.37,2.56,2.93,0,0
1845,2024-07-19,0.12,0.37,0.49,0,0
1846,2024-07-20,0.53,0.12,0.65,0,0
1847,2024-07-21,1.34,0.53,1.87,0,0
1848,2024-07-22,6.03,1.34,7.37,0,0
1849,2024-07-23,7.15,6.03,13.18,0,0
1850,2024-07-24,32.62,7.15,39.769999999999996,0,0
1851,2024-07-25,26.4,32.62,59.019999999999996,0,0
1852,2024-07-26,6.85,26.4,33.25,0,0
1853,2024-07-27,5.78,6.85,12.629999999999999,0,0
1854,2024-07-28,5.63,5.78,11.41,0,0
1855,2024-07-29,17.79,5.63,23.419999999999998,0,0
1856,2024-07-30,4.05,17.79,21.84,0,0
1857,2024-07-31,4.55,4.05,8.6,0,0
1858,2024-08-01,9.61,4.55,14.16,0,0
1859,2024-08-02,8.82,9.61,18.43,0,0
1860,2024-08-03,13.03,8.82,21.85,0,0
1861,2024-08-04,10.38,13.03,23.41,0,0
1862,2024-08-05,5.08,10.38,15.46,0,0
1863,2024-08-06,1.5,5.08,6.58,0,0
1864,2024-08-07,0.34,1.5,1.84,0,0
1865,2024-08-08,7.36,0.34,7.7,0,0
1866,2024-08-09,6.59,7.36,13.95,0,0
1867,2024-08-10,9.1,6.59,15.69,0,0
1868,2024-08-11,9.99,9.1,19.09,0,0
1869,2024-08-12,8.25,9.99,18.240000000000002,0,0
1870,2024-08-13,0.98,8.25,9.23,0,0
1871,2024-08-14,1.7,0.98,2.6799999999999997,0,0
1872,2024-08-15,0.5,1.7,2.2,0,0
1873,2024-08-16,2.48,0.5,2.98,0,0
1874,2024-08-17,1.14,2.48,3.62,0,0
1875,2024-08-18,0.19,1.14,1.3299999999999998,0,0
1876,2024-08-19,0.03,0.19,0.22,0,0
1877,2024-08-20,1.75,0.03,1.78,0,0
1878,2024-08-21,4.38,1.75,6.13,0,0
1879,2024-08-22,2.58,4.38,6.96,0,0
1880,2024-08-23,17.53,2.58,20.11,0,0
1881,2024-08-24,45.03,17.53,62.56,0,0
1882,2024-08-25,39.88,45.03,84.91,0,0
1883,2024-08-26,134.15,39.88,174.03,1,1
1884,2024-08-27,62.66,134.15,196.81,1,1
1885,2024-08-28,10.19,62.66,72.85,0,0
1886,2024-08-29,15.18,10.19,25.369999999999997,0,0
1887,2024-08-30,1.85,15.18,17.03,0,0
1888,2024-08-31,0.07,1.85,1.9200000000000002,0,0
1889,2024-09-01,0.03,0.07,0.1,0,0
1890,2024-09-02,51.33,0.03,51.36,0,0
1891,2024-09-03,11.4,51.33,62.73,0,0
1892,2024-09-04,4.24,11.4,15.64,0,0
1893,2024-09-05,28.1,4.24,32.34,0,0
1894,2024-09-06,5.12,28.1,33.22,0,0
1895,2024-09-07,0.61,5.12,5.73,0,0
1896,2024-09-08,0.03,0.61,0.64,0,0
1897,2024-09-09,0.92,0.03,0.9500000000000001,0,0
1898,2024-09-10,6.04,0.92,6.96,0,0
1899,2024-09-11,2.31,6.04,8.35,0,0
1900,2024-09-12,0.17,2.31,2.48,0,0
1901,2024-09-13,2.11,0.17,2.28,0,0
1902,2024-09-14,8.28,2.11,10.389999999999999,0,0
1903,2024-09-15,1.82,8.28,10.1,0,0
1904,2024-09-16,0.01,1.82,1.83,0,0
1905,2024-09-17,0.0,0.01,0.01,0,0
1906,2024-09-18,0.0,0.0,0.0,0,0
1907,2024-09-19,0.0,0.0,0.0,0,0
1908,2024-09-20,0.08,0.0,0.08,0,0
1909,2024-09-21,0.03,0.08,0.11,0,0
1910,2024-09-22,0.02,0.03,0.05,0,0
1911,2024-09-23,0.98,0.02,1.0,0,0
1912,2024-09-24,2.16,0.98,3.14,0,0
1913,2024-09-25,8.33,2.16,10.49,0,0
1914,2024-09-26,20.09,8.33,28.42,0,0
1915,2024-09-27,15.93,20.09,36.019999999999996,0,0
1916,2024-09-28,7.01,15.93,22.939999999999998,0,0
1917,2024-09-29,29.42,7.01,36.43,0,0
1918,2024-09-30,8.19,29.42,37.61,0,0
1919,2024-10-01,0.02,8.19,8.209999999999999,0,0
1920,2024-10-02,0.0,0.02,0.02,0,0
1921,2024-10-03,0.0,0.0,0.0,0,0
1922,2024-10-04,0.0,0.0,0.0,0,0
1923,2024-10-05,0.0,0.0,0.0,0,0
1924,2024-10-06,0.0,0.0,0.0,0,0
1925,2024-10-07,0.0,0.0,0.0,0,0
1926,2024-10-08,0.0,0.0,0.0,0,0
1927,2024-10-09,0.15,0.0,0.15,0,0
1928,2024-10-10,0.15,0.15,0.3,0,0
1929,2024-10-11,0.38,0.15,0.53,0,0
1930,2024-10-12,6.7,0.38,7.08,0,0
1931,2024-10-13,3.93,6.7,10.63,0,0
1932,2024-10-14,0.11,3.93,4.04,0,0
1933,2024-10-15,0.13,0.11,0.24,0,0
1934,2024-10-16,0.01,0.13,0.14,0,0
1935,2024-10-17,0.1,0.01,0.11,0,0
1936,2024-10-18,0.4,0.1,0.5,0,0
1937,2024-10-19,5.22,0.4,5.62,0,0
1938,2024-10-20,1.06,5.22,6.279999999999999,0,0
1939,2024-10-21,1.55,1.06,2.6100000000000003,0,0
1940,2024-10-22,0.45,1.55,2.0,0,0
1941,2024-10-23,0.0,0.45,0.45,0,0
1942,2024-10-24,0.0,0.0,0.0,0,0
1943,2024-10-25,0.0,0.0,0.0,0,0
1944,2024-10-26,0.0,0.0,0.0,0,0
1945,2024-10-27,0.0,0.0,0.0,0,0
1946,2024-10-28,0.0,0.0,0.0,0,0
1947,2024-10-29,0.0,0.0,0.0,0,0
1948,2024-10-30,0.0,0.0,0.0,0,0
1949,2024-10-31,0.0,0.0,0.0,0,0
1950,2024-11-01,0.0,0.0,0.0,0,0
1951,2024-11-02,0.0,0.0,0.0,0,0
1952,2024-11-03,0.0,0.0,0.0,0,0
1953,2024-11-04,0.0,0.0,0.0,0,0
1954,2024-11-05,0.0,0.0,0.0,0,0
1955,2024-11-06,0.0,0.0,0.0,0,0
1956,2024-11-07,0.0,0.0,0.0,0,0
1957,2024-11-08,0.0,0.0,0.0,0,0
1958,2024-11-09,0.0,0.0,0.0,0,0
1959,2024-11-10,0.0,0.0,0.0,0,0
1960,2024-11-11,0.0,0.0,0.0,0,0
1961,2024-11-12,0.0,0.0,0.0,0,0
1962,2024-11-13,0.0,0.0,0.0,0,0
1963,2024-11-14,0.0,0.0,0.0,0,0
1964,2024-11-15,0.0,0.0,0.0,0,0
1965,2024-11-16,0.0,0.0,0.0,0,0
1966,2024-11-17,0.0,0.0,0.0,0,0
1967,2024-11-18,0.0,0.0,0.0,0,0
1968,2024-11-19,0.0,0.0,0.0,0,0
1969,2024-11-20,0.0,0.0,0.0,0,0
1970,2024-11-21,0.0,0.0,0.0,0,0
1971,2024-11-22,0.0,0.0,0.0,0,0
1972,2024-11-23,0.0,0.0,0.0,0,0
1973,2024-11-24,0.0,0.0,0.0,0,0
1974,2024-11-25,0.0,0.0,0.0,0,0
1975,2024-11-26,0.0,0.0,0.0,0,0
1976,2024-11-27,0.0,0.0,0.0,0,0
1977,2024-11-28,0.0,0.0,0.0,0,0
1978,2024-11-29,0.0,0.0,0.0,0,0
1979,2024-11-30,0.0,0.0,0.0,0,0
1980,2024-12-01,0.0,0.0,0.0,0,0
1981,2024-12-02,0.0,0.0,0.0,0,0
1982,2024-12-03,0.0,0.0,0.0,0,0
1983,2024-12-04,0.0,0.0,0.0,0,0
1984,2024-12-05,0.0,0.0,0.0,0,0
1985,2024-12-06,0.0,0.0,0.0,0,0
1986,2024-12-07,0.0,0.0,0.0,0,0
1987,2024-12-08,0.0,0.0,0.0,0,0
1988,2024-12-09,0.0,0.0,0.0,0,0
1989,2024-12-10,0.0,0.0,0.0,0,0
1990,2024-12-11,0.0,0.0,0.0,0,0
1991,2024-12-12,0.0,0.0,0.0,0,0
1992,2024-12-13,0.0,0.0,0.0,0,0
1993,2024-12-14,0.0,0.0,0.0,0,0
1994,2024-12-15,0.0,0.0,0.0,0,0
1995,2024-12-16,0.0,0.0,0.0,0,0
1996,2024-12-17,0.0,0.0,0.0,0,0
1997,2024-12-18,0.0,0.0,0.0,0,0
1998,2024-12-19,0.0,0.0,0.0,0,0
1999,2024-12-20,0.0,0.0,0.0,0,0
2000,2024-12-21,0.0,0.0,0.0,0,0
2001,2024-12-22,0.0,0.0,0.0,0,0
2002,2024-12-23,0.0,0.0,0.0,0,0
2003,2024-12-24,0.0,0.0,0.0,0,0
2004,2024-12-25,0.0,0.0,0.0,0,0
2005,2024-12-26,0.03,0.0,0.03,0,0
2006,2024-12-27,0.15,0.03,0.18,0,0
2007,2024-12-28,0.0,0.15,0.15,0,0
2008,2024-12-29,0.0,0.0,0.0,0,0
2009,2024-12-30,0.0,0.0,0.0,0,0
2010,2024-12-31,0.0,0.0,0.0,0,0
2011,2025-01-01,0.0,0.0,0.0,0,0
2012,2025-01-02,0.0,0.0,0.0,0,0
2013,2025-01-03,0.0,0.0,0.0,0,0
2014,2025-01-04,0.0,0.0,0.0,0,0
2015,2025-01-05,0.0,0.0,0.0,0,0
2016,2025-01-06,0.0,0.0,0.0,0,0
2017,2025-01-07,0.0,0.0,0.0,0,0
2018,2025-01-08,0.0,0.0,0.0,0,0
2019,2025-01-09,0.0,0.0,0.0,0,0
2020,2025-01-10,0.0,0.0,0.0,0,0
2021,2025-01-11,0.0,0.0,0.0,0,0
2022,2025-01-12,0.0,0.0,0.0,0,0
2023,2025-01-13,0.0,0.0,0.0,0,0
2024,2025-01-14,0.0,0.0,0.0,0,0
2025,2025-01-15,0.0,0.0,0.0,0,0
2026,2025-01-16,0.0,0.0,0.0,0,0
2027,2025-01-17,0.0,0.0,0.0,0,0
2028,2025-01-18,0.0,0.0,0.0,0,0
2029,2025-01-19,0.0,0.0,0.0,0,0
2030,2025-01-20,0.0,0.0,0.0,0,0
2031,2025-01-21,0.0,0.0,0.0,0,0
2032,2025-01-22,0.0,0.0,0.0,0,0
2033,2025-01-23,0.0,0.0,0.0,0,0
2034,2025-01-24,0.0,0.0,0.0,0,0
2035,2025-01-25,0.0,0.0,0.0,0,0
2036,2025-01-26,0.0,0.0,0.0,0,0
2037,2025-01-27,0.0,0.0,0.0,0,0
2038,2025-01-28,0.0,0.0,0.0,0,0
2039,2025-01-29,0.0,0.0,0.0,0,0
2040,2025-01-30,0.0,0.0,0.0,0,0
2041,2025-01-31,0.0,0.0,0.0,0,0
2042,2025-02-01,0.0,0.0,0.0,0,0
2043,2025-02-02,0.0,0.0,0.0,0,0
2044,2025-02-03,0.0,0.0,0.0,0,0
2045,2025-02-04,0.0,0.0,0.0,0,0
2046,2025-02-05,0.0,0.0,0.0,0,0
2047,2025-02-06,0.0,0.0,0.0,0,0
2048,2025-02-07,0.0,0.0,0.0,0,0
2049,2025-02-08,0.0,0.0,0.0,0,0
2050,2025-02-09,0.0,0.0,0.0,0,0
2051,2025-02-10,0.0,0.0,0.0,0,0
2052,2025-02-11,0.0,0.0,0.0,0,0
2053,2025-02-12,0.0,0.0,0.0,0,0
2054,2025-02-13,0.0,0.0,0.0,0,0
2055,2025-02-14,0.0,0.0,0.0,0,0
2056,2025-02-15,0.0,0.0,0.0,0,0
2057,2025-02-16,0.0,0.0,0.0,0,0
2058,2025-02-17,0.0,0.0,0.0,0,0
2059,2025-02-18,0.0,0.0,0.0,0,0
2060,2025-02-19,0.0,0.0,0.0,0,0
2061,2025-02-20,0.0,0.0,0.0,0,0
2062,2025-02-21,0.0,0.0,0.0,0,0
2063,2025-02-22,0.0,0.0,0.0,0,0
2064,2025-02-23,0.0,0.0,0.0,0,0
2065,2025-02-24,0.0,0.0,0.0,0,0
2066,2025-02-25,0.0,0.0,0.0,0,0
2067,2025-02-26,0.0,0.0,0.0,0,0
2068,2025-02-27,0.0,0.0,0.0,0,0
2069,2025-02-28,0.0,0.0,0.0,0,0
2070,2025-03-01,0.0,0.0,0.0,0,0
2071,2025-03-02,0.0,0.0,0.0,0,0
2072,2025-03-03,0.0,0.0,0.0,0,0
2073,2025-03-04,0.0,0.0,0.0,0,0
2074,2025-03-05,0.0,0.0,0.0,0,0
2075,2025-03-06,0.0,0.0,0.0,0,0
2076,2025-03-07,0.0,0.0,0.0,0,0
2077,2025-03-08,0.0,0.0,0.0,0,0
2078,2025-03-09,0.0,0.0,0.0,0,0
2079,2025-03-10,0.0,0.0,0.0,0,0
2080,2025-03-11,0.0,0.0,0.0,0,0
2081,2025-03-12,0.0,0.0,0.0,0,0
2082,2025-03-13,0.0,0.0,0.0,0,0
2083,2025-03-14,0.0,0.0,0.0,0,0
2084,2025-03-15,0.0,0.0,0.0,0,0
2085,2025-03-16,0.0,0.0,0.0,0,0
2086,2025-03-17,0.0,0.0,0.0,0,0
2087,2025-03-18,0.0,0.0,0.0,0,0
2088,2025-03-19,0.0,0.0,0.0,0,0
2089,2025-03-20,0.0,0.0,0.0,0,0
2090,2025-03-21,0.0,0.0,0.0,0,0
2091,2025-03-22,0.0,0.0,0.0,0,0
2092,2025-03-23,0.0,0.0,0.0,0,0
2093,2025-03-24,0.0,0.0,0.0,0,0
2094,2025-03-25,0.0,0.0,0.0,0,0
2095,2025-03-26,0.0,0.0,0.0,0,0
2096,2025-03-27,0.0,0.0,0.0,0,0
2097,2025-03-28,0.0,0.0,0.0,0,0
2098,2025-03-29,0.0,0.0,0.0,0,0
2099,2025-03-30,0.0,0.0,0.0,0,0
2100,2025-03-31,0.0,0.0,0.0,0,0
2101,2025-04-01,0.0,0.0,0.0,0,0
2102,2025-04-02,0.0,0.0,0.0,0,0
2103,2025-04-03,0.0,0.0,0.0,0,0
2104,2025-04-04,0.0,0.0,0.0,0,0
2105,2025-04-05,0.0,0.0,0.0,0,0
2106,2025-04-06,0.0,0.0,0.0,0,0
2107,2025-04-07,0.0,0.0,0.0,0,0
2108,2025-04-08,0.0,0.0,0.0,0,0
2109,2025-04-09,0.0,0.0,0.0,0,0
2110,2025-04-10,0.0,0.0,0.0,0,0
2111,2025-04-11,0.0,0.0,0.0,0,0
2112,2025-04-12,0.2,0.0,0.2,0,0
2113,2025-04-13,0.0,0.2,0.2,0,0
2114,2025-04-14,0.0,0.0,0.0,0,0
2115,2025-04-15,0.0,0.0,0.0,0,0
2116,2025-04-16,0.0,0.0,0.0,0,0
2117,2025-04-17,0.0,0.0,0.0,0,0
2118,2025-04-18,0.0,0.0,0.0,0,0
2119,2025-04-19,0.0,0.0,0.0,0,0
2120,2025-04-20,0.0,0.0,0.0,0,0
2121,2025-04-21,0.0,0.0,0.0,0,0
2122,2025-04-22,0.0,0.0,0.0,0,0
2123,2025-04-23,0.0,0.0,0.0,0,0
2124,2025-04-24,0.0,0.0,0.0,0,0
2125,2025-04-25,0.0,0.0,0.0,0,0
2126,2025-04-26,0.0,0.0,0.0,0,0
2127,2025-04-27,0.0,0.0,0.0,0,0
2128,2025-04-28,0.0,0.0,0.0,0,0
2129,2025-04-29,0.0,0.0,0.0,0,0
2130,2025-04-30,0.0,0.0,0.0,0,0
2131,2025-05-01,0.0,0.0,0.0,0,0
2132,2025-05-02,0.0,0.0,0.0,0,0
2133,2025-05-03,0.0,0.0,0.0,0,0
2134,2025-05-04,0.0,0.0,0.0,0,0
2135,2025-05-05,7.64,0.0,7.64,0,0
2136,2025-05-06,15.21,7.64,22.85,0,0
2137,2025-05-07,29.42,15.21,44.63,0,0
2138,2025-05-08,15.55,29.42,44.97,0,0
2139,2025-05-09,7.97,15.55,23.52,0,0
2140,2025-05-10,0.84,7.97,8.81,0,0
2141,2025-05-11,0.01,0.84,0.85,0,0
2142,2025-05-12,0.11,0.01,0.12,0,0
2143,2025-05-13,0.05,0.11,0.16,0,0
2144,2025-05-14,0.0,0.05,0.05,0,0
2145,2025-05-15,0.01,0.0,0.01,0,0
2146,2025-05-16,0.01,0.01,0.02,0,0
2147,2025-05-17,0.0,0.01,0.01,0,0
2148,2025-05-18,0.0,0.0,0.0,0,0
2149,2025-05-19,0.0,0.0,0.0,0,0
2150,2025-05-20,0.03,0.0,0.03,0,0
2151,2025-05-21,0.08,0.03,0.11,0,0
2152,2025-05-22,0.2,0.08,0.28,0,0
2153,2025-05-23,0.15,0.2,0.35,0,0
2154,2025-05-24,0.03,0.15,0.18,0,0
2155,2025-05-25,0.2,0.03,0.23,0,0
2156,2025-05-26,3.91,0.2,4.11,0,0
2157,2025-05-27,0.58,3.91,4.49,0,0
2158,2025-05-28,6.8,0.58,7.38,0,0
2159,2025-05-29,11.01,6.8,17.81,0,0
2160,2025-05-30,0.0,11.01,11.01,0,0
2161,2025-05-31,0.03,0.0,0.03,0,0
2162,2025-06-01,0.88,0.03,0.91,0,0
2163,2025-06-02,2.25,0.88,3.13,0,0
2164,2025-06-03,4.59,2.25,6.84,0,0
2165,2025-06-04,2.81,4.59,7.4,0,0
2166,2025-06-05,0.43,2.81,3.24,0,0
2167,2025-06-06,0.18,0.43,0.61,0,0
2168,2025-06-07,0.07,0.18,0.25,0,0
2169,2025-06-08,0.0,0.07,0.07,0,0
2170,2025-06-09,0.0,0.0,0.0,0,0
2171,2025-06-10,0.0,0.0,0.0,0,0
2172,2025-06-11,0.54,0.0,0.54,0,0
2173,2025-06-12,0.0,0.54,0.54,0,0
2174,2025-06-13,0.07,0.0,0.07,0,0
2175,2025-06-14,2.3,0.07,2.3699999999999997,0,0
2176,2025-06-15,10.28,2.3,12.579999999999998,0,0
2177,2025-06-16,13.05,10.28,23.33,0,0
2178,2025-06-17,31.74,13.05,44.79,0,0
2179,2025-06-18,14.35,31.74,46.089999999999996,0,0
2180,2025-06-19,8.1,14.35,22.45,0,0
2181,2025-06-20,1.58,8.1,9.68,0,0
2182,2025-06-21,9.06,1.58,10.64,0,0
2183,2025-06-22,15.31,9.06,24.37,0,0
2184,2025-06-23,6.56,15.31,21.87,0,0
2185,2025-06-24,6.84,6.56,13.399999999999999,0,0
2186,2025-06-25,9.78,6.84,16.619999999999997,0,0
2187,2025-06-26,18.79,9.78,28.57,0,0
2188,2025-06-27,12.11,18.79,30.9,0,0
2189,2025-06-28,19.03,12.11,31.14,0,0
2190,2025-06-29,5.79,19.03,24.82,0,0
2191,2025-06-30,16.4,5.79,22.189999999999998,0,0
2192,2025-07-01,4.54,16.4,20.939999999999998,0,0
